A_index,B_index,erreur
< cv2.DMatch 000002CC90407650>,< cv2.DMatch 000002CC90407390>,299
< cv2.DMatch 000002CC904069F0>,< cv2.DMatch 000002CC90406770>,19
< cv2.DMatch 000002CC90407410>,< cv2.DMatch 000002CC90406A70>,38
< cv2.DMatch 000002CC904073D0>,< cv2.DMatch 000002CC90406D10>,73
< cv2.DMatch 000002CC90407BB0>,< cv2.DMatch 000002CC90407930>,10
< cv2.DMatch 000002CC90406AB0>,< cv2.DMatch 000002CC90407750>,365
< cv2.DMatch 000002CC90406FF0>,< cv2.DMatch 000002CC90407870>,1523
< cv2.DMatch 000002CC904071F0>,< cv2.DMatch 000002CC904076B0>,763
< cv2.DMatch 000002CC90406D90>,< cv2.DMatch 000002CC90407910>,8
< cv2.DMatch 000002CC90407850>,< cv2.DMatch 000002CC90406B10>,726
< cv2.DMatch 000002CC90407270>,< cv2.DMatch 000002CC90406950>,19
< cv2.DMatch 000002CC90406D30>,< cv2.DMatch 000002CC90407FD0>,1289
< cv2.DMatch 000002CC90407110>,< cv2.DMatch 000002CC90407AF0>,271
< cv2.DMatch 000002CC90407050>,< cv2.DMatch 000002CC90407FB0>,510
< cv2.DMatch 000002CC90407C30>,< cv2.DMatch 000002CC90407230>,374
< cv2.DMatch 000002CC90406810>,< cv2.DMatch 000002CC90406CB0>,1525
< cv2.DMatch 000002CC90407B70>,< cv2.DMatch 000002CC90406C10>,586
< cv2.DMatch 000002CC90407330>,< cv2.DMatch 000002CC90406650>,66
< cv2.DMatch 000002CC90407510>,< cv2.DMatch 000002CC90406830>,1485
< cv2.DMatch 000002CC90406A50>,< cv2.DMatch 000002CC90407370>,645
< cv2.DMatch 000002CC904068F0>,< cv2.DMatch 000002CC90407350>,8
< cv2.DMatch 000002CC904071B0>,< cv2.DMatch 000002CC904072B0>,1025
< cv2.DMatch 000002CC904076D0>,< cv2.DMatch 000002CC90407A70>,10
< cv2.DMatch 000002CC90406A30>,< cv2.DMatch 000002CC904068D0>,403
< cv2.DMatch 000002CC90406DF0>,< cv2.DMatch 000002CC90407F70>,145
< cv2.DMatch 000002CC90406C70>,< cv2.DMatch 000002CC90407430>,143
< cv2.DMatch 000002CC90407DF0>,< cv2.DMatch 000002CC90407190>,894
< cv2.DMatch 000002CC90406C90>,< cv2.DMatch 000002CC90406AD0>,230
< cv2.DMatch 000002CC90406890>,< cv2.DMatch 000002CC90406C30>,19
< cv2.DMatch 000002CC904072F0>,< cv2.DMatch 000002CC904074F0>,19
< cv2.DMatch 000002CC90407F50>,< cv2.DMatch 000002CC90407E90>,19
< cv2.DMatch 000002CC90406930>,< cv2.DMatch 000002CC90407690>,499
< cv2.DMatch 000002CC90407530>,< cv2.DMatch 000002CC904067F0>,19
< cv2.DMatch 000002CC90407E10>,< cv2.DMatch 000002CC90406B30>,582
< cv2.DMatch 000002CC90407610>,< cv2.DMatch 000002CC904066D0>,8
< cv2.DMatch 000002CC904070B0>,< cv2.DMatch 000002CC90407810>,20
< cv2.DMatch 000002CC90407730>,< cv2.DMatch 000002CC90406F90>,145
< cv2.DMatch 000002CC90407950>,< cv2.DMatch 000002CC90407090>,143
< cv2.DMatch 000002CC90407D90>,< cv2.DMatch 000002CC90406710>,331
< cv2.DMatch 000002CC90407070>,< cv2.DMatch 000002CC90407B30>,19
< cv2.DMatch 000002CC90406A10>,< cv2.DMatch 000002CC904065D0>,19
< cv2.DMatch 000002CC90406750>,< cv2.DMatch 000002CC90407490>,576
< cv2.DMatch 000002CC90406F10>,< cv2.DMatch 000002CC904077B0>,716
< cv2.DMatch 000002CC90407A90>,< cv2.DMatch 000002CC90406F30>,586
< cv2.DMatch 000002CC904069D0>,< cv2.DMatch 000002CC90406E70>,701
< cv2.DMatch 000002CC90407C50>,< cv2.DMatch 000002CC90406970>,148
< cv2.DMatch 000002CC90407A10>,< cv2.DMatch 000002CC90406EF0>,230
< cv2.DMatch 000002CC90406ED0>,< cv2.DMatch 000002CC90407EF0>,763
< cv2.DMatch 000002CC90406E30>,< cv2.DMatch 000002CC90406EB0>,1373
< cv2.DMatch 000002CC90406F70>,< cv2.DMatch 000002CC90406FD0>,4
< cv2.DMatch 000002CC90407F90>,< cv2.DMatch 000002CC904066F0>,1
< cv2.DMatch 000002CC90406B70>,< cv2.DMatch 000002CC90406BD0>,602
< cv2.DMatch 000002CC904078B0>,< cv2.DMatch 000002CC90406A90>,1260
< cv2.DMatch 000002CC90407A50>,< cv2.DMatch 000002CC90406AF0>,528
< cv2.DMatch 000002CC904079D0>,< cv2.DMatch 000002CC90407210>,5
< cv2.DMatch 000002CC90407010>,< cv2.DMatch 000002CC904068B0>,182
< cv2.DMatch 000002CC904076F0>,< cv2.DMatch 000002CC90407A30>,1175
< cv2.DMatch 000002CC90406990>,< cv2.DMatch 000002CC90407150>,13
< cv2.DMatch 000002CC904079B0>,< cv2.DMatch 000002CC90407B10>,16
< cv2.DMatch 000002CC90407E30>,< cv2.DMatch 000002CC90407630>,18
< cv2.DMatch 000002CC90407770>,< cv2.DMatch 000002CC904073B0>,1000
< cv2.DMatch 000002CC90407CF0>,< cv2.DMatch 000002CC90406F50>,602
< cv2.DMatch 000002CC90407290>,< cv2.DMatch 000002CC90407BD0>,1143
< cv2.DMatch 000002CC90406B50>,< cv2.DMatch 000002CC90406870>,267
< cv2.DMatch 000002CC90407310>,< cv2.DMatch 000002CC904077F0>,1468
< cv2.DMatch 000002CC904067D0>,< cv2.DMatch 000002CC90407F10>,1397
< cv2.DMatch 000002CC90406CF0>,< cv2.DMatch 000002CC90407130>,230
< cv2.DMatch 000002CC90406730>,< cv2.DMatch 000002CC90406C50>,718
< cv2.DMatch 000002CC904078D0>,< cv2.DMatch 000002CC90407D50>,1204
< cv2.DMatch 000002CC90407450>,< cv2.DMatch 000002CC90406D50>,271
< cv2.DMatch 000002CC90407710>,< cv2.DMatch 000002CC90407590>,204
< cv2.DMatch 000002CC904069B0>,< cv2.DMatch 000002CC904067B0>,401
< cv2.DMatch 000002CC90406790>,< cv2.DMatch 000002CC904074D0>,1153
< cv2.DMatch 000002CC90407C70>,< cv2.DMatch 000002CC90407D10>,414
< cv2.DMatch 000002CC90407DB0>,< cv2.DMatch 000002CC90407CB0>,13
< cv2.DMatch 000002CC90407250>,< cv2.DMatch 000002CC90406BF0>,684
< cv2.DMatch 000002CC90407470>,< cv2.DMatch 000002CC90407C10>,186
< cv2.DMatch 000002CC90407C90>,< cv2.DMatch 000002CC90407F30>,1230
< cv2.DMatch 000002CC90407830>,< cv2.DMatch 000002CC90407CD0>,644
< cv2.DMatch 000002CC90407D70>,< cv2.DMatch 000002CC90406DD0>,775
< cv2.DMatch 000002CC90407570>,< cv2.DMatch 000002CC90407170>,919
< cv2.DMatch 000002CC90407DD0>,< cv2.DMatch 000002CC90407AB0>,916
< cv2.DMatch 000002CC90406B90>,< cv2.DMatch 000002CC90407790>,160
< cv2.DMatch 000002CC90406E50>,< cv2.DMatch 000002CC90406FB0>,645
< cv2.DMatch 000002CC90407030>,< cv2.DMatch 000002CC904079F0>,322
< cv2.DMatch 000002CC90407AD0>,< cv2.DMatch 000002CC90406910>,453
< cv2.DMatch 000002CC904075F0>,< cv2.DMatch 000002CC904070F0>,679
< cv2.DMatch 000002CC904071D0>,< cv2.DMatch 000002CC90407890>,815
< cv2.DMatch 000002CC90406DB0>,< cv2.DMatch 000002CC90407ED0>,908
< cv2.DMatch 000002CC90407EB0>,< cv2.DMatch 000002CC90407BF0>,218
< cv2.DMatch 000002CC904074B0>,< cv2.DMatch 000002CC90407E50>,247
< cv2.DMatch 000002CC90407970>,< cv2.DMatch 000002CC904075B0>,681
< cv2.DMatch 000002CC90407550>,< cv2.DMatch 000002CC90407B50>,681
< cv2.DMatch 000002CC90406E90>,< cv2.DMatch 000002CC90407B90>,179
< cv2.DMatch 000002CC90406BB0>,< cv2.DMatch 000002CC904077D0>,628
< cv2.DMatch 000002CC904070D0>,< cv2.DMatch 000002CC90407990>,214
< cv2.DMatch 000002CC90407D30>,< cv2.DMatch 000002CC904075D0>,614
< cv2.DMatch 000002CC90406850>,< cv2.DMatch 000002CC904072D0>,731
< cv2.DMatch 000002CC904078F0>,< cv2.DMatch 000002CC90406CD0>,340
< cv2.DMatch 000002CC90407670>,< cv2.DMatch 000002CC90444DB0>,509
< cv2.DMatch 000002CC90447BB0>,< cv2.DMatch 000002CC90444930>,192
< cv2.DMatch 000002CC904469F0>,< cv2.DMatch 000002CC90444C90>,209
< cv2.DMatch 000002CC904467F0>,< cv2.DMatch 000002CC90445510>,1013
< cv2.DMatch 000002CC90445450>,< cv2.DMatch 000002CC90447CF0>,453
< cv2.DMatch 000002CC90444F70>,< cv2.DMatch 000002CC904446D0>,720
< cv2.DMatch 000002CC904454B0>,< cv2.DMatch 000002CC90444FF0>,718
< cv2.DMatch 000002CC90446890>,< cv2.DMatch 000002CC90447E90>,206
< cv2.DMatch 000002CC90446690>,< cv2.DMatch 000002CC90446E10>,1275
< cv2.DMatch 000002CC90446CB0>,< cv2.DMatch 000002CC90444FB0>,435
< cv2.DMatch 000002CC904453D0>,< cv2.DMatch 000002CC90444370>,598
< cv2.DMatch 000002CC90444CB0>,< cv2.DMatch 000002CC90446970>,593
< cv2.DMatch 000002CC904445B0>,< cv2.DMatch 000002CC904479F0>,21
< cv2.DMatch 000002CC90447B50>,< cv2.DMatch 000002CC904452F0>,995
< cv2.DMatch 000002CC90445110>,< cv2.DMatch 000002CC90446410>,919
< cv2.DMatch 000002CC90445ED0>,< cv2.DMatch 000002CC90447DD0>,943
< cv2.DMatch 000002CC90447250>,< cv2.DMatch 000002CC90445F50>,1482
< cv2.DMatch 000002CC90444ED0>,< cv2.DMatch 000002CC90444990>,504
< cv2.DMatch 000002CC90445AB0>,< cv2.DMatch 000002CC90444B30>,528
< cv2.DMatch 000002CC90445EF0>,< cv2.DMatch 000002CC90445C70>,1052
< cv2.DMatch 000002CC90446F30>,< cv2.DMatch 000002CC90447670>,145
< cv2.DMatch 000002CC90446BF0>,< cv2.DMatch 000002CC90447A30>,40
< cv2.DMatch 000002CC90444AB0>,< cv2.DMatch 000002CC904465F0>,155
< cv2.DMatch 000002CC90445790>,< cv2.DMatch 000002CC90447AD0>,521
< cv2.DMatch 000002CC90445490>,< cv2.DMatch 000002CC90446830>,453
< cv2.DMatch 000002CC90444AF0>,< cv2.DMatch 000002CC904456F0>,12
< cv2.DMatch 000002CC90445410>,< cv2.DMatch 000002CC90446630>,23
< cv2.DMatch 000002CC90446DF0>,< cv2.DMatch 000002CC904468D0>,1047
< cv2.DMatch 000002CC90447570>,< cv2.DMatch 000002CC90445770>,8
< cv2.DMatch 000002CC904460F0>,< cv2.DMatch 000002CC90444EF0>,674
< cv2.DMatch 000002CC90447EF0>,< cv2.DMatch 000002CC90446930>,88
< cv2.DMatch 000002CC90444290>,< cv2.DMatch 000002CC90444E70>,800
< cv2.DMatch 000002CC90446B70>,< cv2.DMatch 000002CC90447190>,133
< cv2.DMatch 000002CC90446810>,< cv2.DMatch 000002CC90444690>,270
< cv2.DMatch 000002CC90445170>,< cv2.DMatch 000002CC904440B0>,595
< cv2.DMatch 000002CC90445570>,< cv2.DMatch 000002CC904462B0>,745
< cv2.DMatch 000002CC90446670>,< cv2.DMatch 000002CC904466D0>,61
< cv2.DMatch 000002CC904444B0>,< cv2.DMatch 000002CC90446050>,814
< cv2.DMatch 000002CC90446370>,< cv2.DMatch 000002CC90444CF0>,1
< cv2.DMatch 000002CC90444E10>,< cv2.DMatch 000002CC90446BB0>,831
< cv2.DMatch 000002CC90447890>,< cv2.DMatch 000002CC904454D0>,1047
< cv2.DMatch 000002CC90447A90>,< cv2.DMatch 000002CC90445C30>,610
< cv2.DMatch 000002CC90447DF0>,< cv2.DMatch 000002CC90446B50>,37
< cv2.DMatch 000002CC904458B0>,< cv2.DMatch 000002CC90444170>,1
< cv2.DMatch 000002CC90445070>,< cv2.DMatch 000002CC904446B0>,783
< cv2.DMatch 000002CC90444050>,< cv2.DMatch 000002CC90445730>,1490
< cv2.DMatch 000002CC90444830>,< cv2.DMatch 000002CC90446250>,133
< cv2.DMatch 000002CC904478F0>,< cv2.DMatch 000002CC90445830>,40
< cv2.DMatch 000002CC90445090>,< cv2.DMatch 000002CC904452D0>,112
< cv2.DMatch 000002CC90444350>,< cv2.DMatch 000002CC90447D10>,786
< cv2.DMatch 000002CC90444310>,< cv2.DMatch 000002CC90445150>,683
< cv2.DMatch 000002CC90444030>,< cv2.DMatch 000002CC90444530>,536
< cv2.DMatch 000002CC90444590>,< cv2.DMatch 000002CC90444D90>,300
< cv2.DMatch 000002CC90445590>,< cv2.DMatch 000002CC904477D0>,52
< cv2.DMatch 000002CC90447750>,< cv2.DMatch 000002CC904473F0>,163
< cv2.DMatch 000002CC90447FB0>,< cv2.DMatch 000002CC90446CF0>,844
< cv2.DMatch 000002CC904471B0>,< cv2.DMatch 000002CC90447E30>,732
< cv2.DMatch 000002CC90447690>,< cv2.DMatch 000002CC904479B0>,296
< cv2.DMatch 000002CC904476F0>,< cv2.DMatch 000002CC90447910>,633
< cv2.DMatch 000002CC90447ED0>,< cv2.DMatch 000002CC90447D50>,167
< cv2.DMatch 000002CC904457B0>,< cv2.DMatch 000002CC90445A50>,6
< cv2.DMatch 000002CC904445D0>,< cv2.DMatch 000002CC904444D0>,193
< cv2.DMatch 000002CC904450B0>,< cv2.DMatch 000002CC90445750>,50
< cv2.DMatch 000002CC90444910>,< cv2.DMatch 000002CC90445350>,891
< cv2.DMatch 000002CC90445C50>,< cv2.DMatch 000002CC90444210>,1160
< cv2.DMatch 000002CC904459B0>,< cv2.DMatch 000002CC90447170>,1391
< cv2.DMatch 000002CC90445970>,< cv2.DMatch 000002CC904447F0>,1257
< cv2.DMatch 000002CC90445230>,< cv2.DMatch 000002CC90445D90>,668
< cv2.DMatch 000002CC904451F0>,< cv2.DMatch 000002CC90444B50>,34
< cv2.DMatch 000002CC90445AD0>,< cv2.DMatch 000002CC90445050>,155
< cv2.DMatch 000002CC90444F90>,< cv2.DMatch 000002CC90444430>,510
< cv2.DMatch 000002CC90445870>,< cv2.DMatch 000002CC90446550>,645
< cv2.DMatch 000002CC90445E50>,< cv2.DMatch 000002CC904460D0>,8
< cv2.DMatch 000002CC904459F0>,< cv2.DMatch 000002CC904441F0>,76
< cv2.DMatch 000002CC90444510>,< cv2.DMatch 000002CC90446AD0>,229
< cv2.DMatch 000002CC904456B0>,< cv2.DMatch 000002CC90445B50>,848
< cv2.DMatch 000002CC90444EB0>,< cv2.DMatch 000002CC90444450>,25
< cv2.DMatch 000002CC90444090>,< cv2.DMatch 000002CC90447C50>,1391
< cv2.DMatch 000002CC90446AB0>,< cv2.DMatch 000002CC90445C10>,273
< cv2.DMatch 000002CC90444BD0>,< cv2.DMatch 000002CC90447F10>,1119
< cv2.DMatch 000002CC90445130>,< cv2.DMatch 000002CC904472D0>,202
< cv2.DMatch 000002CC90446BD0>,< cv2.DMatch 000002CC904470F0>,40
< cv2.DMatch 000002CC90447370>,< cv2.DMatch 000002CC90444A70>,2
< cv2.DMatch 000002CC904477F0>,< cv2.DMatch 000002CC90446150>,1142
< cv2.DMatch 000002CC904469D0>,< cv2.DMatch 000002CC90445D50>,388
< cv2.DMatch 000002CC904442D0>,< cv2.DMatch 000002CC90445A90>,101
< cv2.DMatch 000002CC90446F90>,< cv2.DMatch 000002CC90447490>,113
< cv2.DMatch 000002CC90445D70>,< cv2.DMatch 000002CC90445BB0>,6
< cv2.DMatch 000002CC90446650>,< cv2.DMatch 000002CC90447B10>,162
< cv2.DMatch 000002CC90445930>,< cv2.DMatch 000002CC90445550>,143
< cv2.DMatch 000002CC904441D0>,< cv2.DMatch 000002CC90446390>,145
< cv2.DMatch 000002CC90446FB0>,< cv2.DMatch 000002CC90447DB0>,611
< cv2.DMatch 000002CC904474B0>,< cv2.DMatch 000002CC90447030>,59
< cv2.DMatch 000002CC90446C90>,< cv2.DMatch 000002CC90447EB0>,59
< cv2.DMatch 000002CC904475B0>,< cv2.DMatch 000002CC90446510>,470
< cv2.DMatch 000002CC90445990>,< cv2.DMatch 000002CC90446030>,185
< cv2.DMatch 000002CC90447A50>,< cv2.DMatch 000002CC90446A10>,22
< cv2.DMatch 000002CC904466F0>,< cv2.DMatch 000002CC90447870>,472
< cv2.DMatch 000002CC90446910>,< cv2.DMatch 000002CC904451B0>,586
< cv2.DMatch 000002CC90446EF0>,< cv2.DMatch 000002CC90444770>,89
< cv2.DMatch 000002CC90447350>,< cv2.DMatch 000002CC90444950>,53
< cv2.DMatch 000002CC904469B0>,< cv2.DMatch 000002CC90446ED0>,1129
< cv2.DMatch 000002CC90444250>,< cv2.DMatch 000002CC904447B0>,173
< cv2.DMatch 000002CC90444630>,< cv2.DMatch 000002CC90445190>,601
< cv2.DMatch 000002CC90445290>,< cv2.DMatch 000002CC90446C70>,1144
< cv2.DMatch 000002CC90446590>,< cv2.DMatch 000002CC904466B0>,914
< cv2.DMatch 000002CC90445370>,< cv2.DMatch 000002CC90446750>,2
< cv2.DMatch 000002CC904470D0>,< cv2.DMatch 000002CC90447050>,132
< cv2.DMatch 000002CC90445FB0>,< cv2.DMatch 000002CC90446010>,577
< cv2.DMatch 000002CC904440F0>,< cv2.DMatch 000002CC904457D0>,129
< cv2.DMatch 000002CC90444C30>,< cv2.DMatch 000002CC904443D0>,402
< cv2.DMatch 000002CC90447F30>,< cv2.DMatch 000002CC90446FF0>,881
< cv2.DMatch 000002CC90447610>,< cv2.DMatch 000002CC90447430>,1012
< cv2.DMatch 000002CC90446C30>,< cv2.DMatch 000002CC90447530>,3
< cv2.DMatch 000002CC90446CD0>,< cv2.DMatch 000002CC90446450>,262
< cv2.DMatch 000002CC90446EB0>,< cv2.DMatch 000002CC90447270>,1340
< cv2.DMatch 000002CC90446DB0>,< cv2.DMatch 000002CC904472F0>,998
< cv2.DMatch 000002CC904468B0>,< cv2.DMatch 000002CC90447930>,216
< cv2.DMatch 000002CC90447C70>,< cv2.DMatch 000002CC90446B10>,346
< cv2.DMatch 000002CC90446C10>,< cv2.DMatch 000002CC904473D0>,402
< cv2.DMatch 000002CC904462D0>,< cv2.DMatch 000002CC90444650>,11
< cv2.DMatch 000002CC90444730>,< cv2.DMatch 000002CC90445810>,919
< cv2.DMatch 000002CC90445270>,< cv2.DMatch 000002CC90444750>,798
< cv2.DMatch 000002CC90445390>,< cv2.DMatch 000002CC90444710>,66
< cv2.DMatch 000002CC90444C50>,< cv2.DMatch 000002CC90446A50>,1269
< cv2.DMatch 000002CC90447BF0>,< cv2.DMatch 000002CC90446E30>,40
< cv2.DMatch 000002CC90447550>,< cv2.DMatch 000002CC90447F70>,426
< cv2.DMatch 000002CC904453F0>,< cv2.DMatch 000002CC90446190>,24
< cv2.DMatch 000002CC90445850>,< cv2.DMatch 000002CC904467D0>,869
< cv2.DMatch 000002CC90444E90>,< cv2.DMatch 000002CC90447070>,424
< cv2.DMatch 000002CC90447B30>,< cv2.DMatch 000002CC904477B0>,596
< cv2.DMatch 000002CC90444330>,< cv2.DMatch 000002CC904454F0>,161
< cv2.DMatch 000002CC90446990>,< cv2.DMatch 000002CC904479D0>,925
< cv2.DMatch 000002CC904465D0>,< cv2.DMatch 000002CC90445CD0>,1284
< cv2.DMatch 000002CC904446F0>,< cv2.DMatch 000002CC90444CD0>,923
< cv2.DMatch 000002CC904449D0>,< cv2.DMatch 000002CC90446270>,173
< cv2.DMatch 000002CC90446D30>,< cv2.DMatch 000002CC904476B0>,75
< cv2.DMatch 000002CC904472B0>,< cv2.DMatch 000002CC90446A90>,1
< cv2.DMatch 000002CC904464D0>,< cv2.DMatch 000002CC904471F0>,1069
< cv2.DMatch 000002CC90446430>,< cv2.DMatch 000002CC90444BB0>,68
< cv2.DMatch 000002CC90445910>,< cv2.DMatch 000002CC90445F10>,736
< cv2.DMatch 000002CC90446E90>,< cv2.DMatch 000002CC90445E30>,290
< cv2.DMatch 000002CC904461F0>,< cv2.DMatch 000002CC90446A30>,477
< cv2.DMatch 000002CC904465B0>,< cv2.DMatch 000002CC904453B0>,138
< cv2.DMatch 000002CC904442B0>,< cv2.DMatch 000002CC90447A10>,527
< cv2.DMatch 000002CC90446530>,< cv2.DMatch 000002CC90447FD0>,1217
< cv2.DMatch 000002CC90444890>,< cv2.DMatch 000002CC90444A90>,6
< cv2.DMatch 000002CC90447290>,< cv2.DMatch 000002CC90445330>,827
< cv2.DMatch 000002CC90446330>,< cv2.DMatch 000002CC90445B90>,22
< cv2.DMatch 000002CC90445E10>,< cv2.DMatch 000002CC90445F30>,357
< cv2.DMatch 000002CC90447830>,< cv2.DMatch 000002CC90447210>,1247
< cv2.DMatch 000002CC904467B0>,< cv2.DMatch 000002CC90446090>,492
< cv2.DMatch 000002CC90446B30>,< cv2.DMatch 000002CC90444810>,468
< cv2.DMatch 000002CC90446350>,< cv2.DMatch 000002CC90447E50>,390
< cv2.DMatch 000002CC90445A30>,< cv2.DMatch 000002CC904459D0>,203
< cv2.DMatch 000002CC90445530>,< cv2.DMatch 000002CC90445250>,711
< cv2.DMatch 000002CC90444070>,< cv2.DMatch 000002CC904448B0>,490
< cv2.DMatch 000002CC904471D0>,< cv2.DMatch 000002CC90447650>,329
< cv2.DMatch 000002CC90447510>,< cv2.DMatch 000002CC90447F50>,473
< cv2.DMatch 000002CC90446E50>,< cv2.DMatch 000002CC90447E70>,541
< cv2.DMatch 000002CC90444850>,< cv2.DMatch 000002CC90445670>,58
< cv2.DMatch 000002CC90445470>,< cv2.DMatch 000002CC904441B0>,76
< cv2.DMatch 000002CC90445890>,< cv2.DMatch 000002CC90445F90>,59
< cv2.DMatch 000002CC904461D0>,< cv2.DMatch 000002CC90446610>,495
< cv2.DMatch 000002CC90446570>,< cv2.DMatch 000002CC90447410>,545
< cv2.DMatch 000002CC904455F0>,< cv2.DMatch 000002CC904460B0>,120
< cv2.DMatch 000002CC90444A30>,< cv2.DMatch 000002CC904464F0>,494
< cv2.DMatch 000002CC904475F0>,< cv2.DMatch 000002CC90445CB0>,299
< cv2.DMatch 000002CC90445B30>,< cv2.DMatch 000002CC90445710>,232
< cv2.DMatch 000002CC90447950>,< cv2.DMatch 000002CC90446850>,30
< cv2.DMatch 000002CC904450D0>,< cv2.DMatch 000002CC90446D90>,502
< cv2.DMatch 000002CC90446770>,< cv2.DMatch 000002CC904478B0>,413
< cv2.DMatch 000002CC90446DD0>,< cv2.DMatch 000002CC90445DD0>,316
< cv2.DMatch 000002CC904449B0>,< cv2.DMatch 000002CC90444BF0>,18
< cv2.DMatch 000002CC904444F0>,< cv2.DMatch 000002CC904458D0>,771
< cv2.DMatch 000002CC90446290>,< cv2.DMatch 000002CC90446130>,1086
< cv2.DMatch 000002CC90447090>,< cv2.DMatch 000002CC90445690>,865
< cv2.DMatch 000002CC904478D0>,< cv2.DMatch 000002CC904476D0>,481
< cv2.DMatch 000002CC90447C30>,< cv2.DMatch 000002CC90446F50>,397
< cv2.DMatch 000002CC90444470>,< cv2.DMatch 000002CC90446310>,686
< cv2.DMatch 000002CC90445BF0>,< cv2.DMatch 000002CC904455D0>,991
< cv2.DMatch 000002CC90444550>,< cv2.DMatch 000002CC90445A70>,300
< cv2.DMatch 000002CC90444AD0>,< cv2.DMatch 000002CC90444270>,1112
< cv2.DMatch 000002CC904445F0>,< cv2.DMatch 000002CC904448D0>,728
< cv2.DMatch 000002CC90445F70>,< cv2.DMatch 000002CC90445FD0>,203
< cv2.DMatch 000002CC904461B0>,< cv2.DMatch 000002CC90447CB0>,112
< cv2.DMatch 000002CC904468F0>,< cv2.DMatch 000002CC90446B90>,123
< cv2.DMatch 000002CC90447970>,< cv2.DMatch 000002CC904440D0>,9
< cv2.DMatch 000002CC90444970>,< cv2.DMatch 000002CC904457F0>,25
< cv2.DMatch 000002CC90447A70>,< cv2.DMatch 000002CC90446070>,7
< cv2.DMatch 000002CC90444B90>,< cv2.DMatch 000002CC904456D0>,1074
< cv2.DMatch 000002CC90445B10>,< cv2.DMatch 000002CC90445CF0>,116
< cv2.DMatch 000002CC90446110>,< cv2.DMatch 000002CC90445E70>,548
< cv2.DMatch 000002CC90444610>,< cv2.DMatch 000002CC90444670>,60
< cv2.DMatch 000002CC90444390>,< cv2.DMatch 000002CC90444B10>,341
< cv2.DMatch 000002CC90446F70>,< cv2.DMatch 000002CC90447F90>,685
< cv2.DMatch 000002CC90444FD0>,< cv2.DMatch 000002CC90446730>,650
< cv2.DMatch 000002CC90445B70>,< cv2.DMatch 000002CC90446790>,327
< cv2.DMatch 000002CC90447BD0>,< cv2.DMatch 000002CC90447E10>,175
< cv2.DMatch 000002CC90447590>,< cv2.DMatch 000002CC90444150>,715
< cv2.DMatch 000002CC90444A10>,< cv2.DMatch 000002CC904442F0>,877
< cv2.DMatch 000002CC90445210>,< cv2.DMatch 000002CC90444E50>,729
< cv2.DMatch 000002CC904447D0>,< cv2.DMatch 000002CC90445310>,308
< cv2.DMatch 000002CC90445A10>,< cv2.DMatch 000002CC90444D10>,254
< cv2.DMatch 000002CC90444C10>,< cv2.DMatch 000002CC90446E70>,218
< cv2.DMatch 000002CC90447470>,< cv2.DMatch 000002CC90447C90>,175
< cv2.DMatch 000002CC904475D0>,< cv2.DMatch 000002CC90446D50>,25
< cv2.DMatch 000002CC90446F10>,< cv2.DMatch 000002CC904473B0>,304
< cv2.DMatch 000002CC90447390>,< cv2.DMatch 000002CC904474F0>,56
< cv2.DMatch 000002CC90446950>,< cv2.DMatch 000002CC90446FD0>,57
< cv2.DMatch 000002CC90447AB0>,< cv2.DMatch 000002CC90447730>,769
< cv2.DMatch 000002CC90447B90>,< cv2.DMatch 000002CC90446C50>,276
< cv2.DMatch 000002CC90447CD0>,< cv2.DMatch 000002CC90447D30>,12
< cv2.DMatch 000002CC90447230>,< cv2.DMatch 000002CC90447D90>,40
< cv2.DMatch 000002CC90446870>,< cv2.DMatch 000002CC90447790>,896
< cv2.DMatch 000002CC90447130>,< cv2.DMatch 000002CC90447110>,109
< cv2.DMatch 000002CC90447450>,< cv2.DMatch 000002CC90446470>,97
< cv2.DMatch 000002CC90447330>,< cv2.DMatch 000002CC90446710>,26
< cv2.DMatch 000002CC904464B0>,< cv2.DMatch 000002CC904474D0>,209
< cv2.DMatch 000002CC90447010>,< cv2.DMatch 000002CC904470B0>,17
< cv2.DMatch 000002CC90446490>,< cv2.DMatch 000002CC90447770>,297
< cv2.DMatch 000002CC90447AF0>,< cv2.DMatch 000002CC90447710>,236
< cv2.DMatch 000002CC90447850>,< cv2.DMatch 000002CC90446A70>,86
< cv2.DMatch 000002CC90447810>,< cv2.DMatch 000002CC90447150>,41
< cv2.DMatch 000002CC90447D70>,< cv2.DMatch 000002CC90447B70>,947
< cv2.DMatch 000002CC90446AF0>,< cv2.DMatch 000002CC90446D10>,476
< cv2.DMatch 000002CC90446D70>,< cv2.DMatch 000002CC90447310>,834
< cv2.DMatch 000002CC90447990>,< cv2.DMatch 000002CC90447C10>,436
< cv2.DMatch 000002CC904450F0>,< cv2.DMatch 000002CC90444D50>,401
< cv2.DMatch 000002CC90444F50>,< cv2.DMatch 000002CC90447630>,347
< cv2.DMatch 000002CC90445650>,< cv2.DMatch 000002CC90444B70>,1084
< cv2.DMatch 000002CC90445D10>,< cv2.DMatch 000002CC90444D70>,87
< cv2.DMatch 000002CC90444DF0>,< cv2.DMatch 000002CC90445BD0>,141
< cv2.DMatch 000002CC90445610>,< cv2.DMatch 000002CC90444410>,963
< cv2.DMatch 000002CC90445630>,< cv2.DMatch 000002CC90445AF0>,345
< cv2.DMatch 000002CC904451D0>,< cv2.DMatch 000002CC90445C90>,357
< cv2.DMatch 000002CC90444110>,< cv2.DMatch 000002CC90444A50>,1026
< cv2.DMatch 000002CC904449F0>,< cv2.DMatch 000002CC90445030>,734
< cv2.DMatch 000002CC90444190>,< cv2.DMatch 000002CC904448F0>,6
< cv2.DMatch 000002CC90445010>,< cv2.DMatch 000002CC90444C70>,1
< cv2.DMatch 000002CC90444F10>,< cv2.DMatch 000002CC90446170>,3
< cv2.DMatch 000002CC90444870>,< cv2.DMatch 000002CC904443F0>,1150
< cv2.DMatch 000002CC90444D30>,< cv2.DMatch 000002CC90445D30>,165
< cv2.DMatch 000002CC904458F0>,< cv2.DMatch 000002CC90444230>,3
< cv2.DMatch 000002CC90445950>,< cv2.DMatch 000002CC90444F30>,1102
< cv2.DMatch 000002CC90445E90>,< cv2.DMatch 000002CC90444790>,568
< cv2.DMatch 000002CC90444490>,< cv2.DMatch 000002CC90444E30>,194
< cv2.DMatch 000002CC90445430>,< cv2.DMatch 000002CC904452B0>,299
< cv2.DMatch 000002CC90444130>,< cv2.DMatch 000002CC904443B0>,1066
< cv2.DMatch 000002CC90444570>,< cv2.DMatch 000002CC90444DD0>,850
< cv2.DMatch 000002CC904455B0>,< cv2.DMatch 000002CC90445DB0>,1252
< cv2.DMatch 000002CC90445DF0>,< cv2.DMatch 000002CC90445EB0>,1017
< cv2.DMatch 000002CC90445FF0>,< cv2.DMatch 000002CC90446210>,20
< cv2.DMatch 000002CC90446230>,< cv2.DMatch 000002CC904462F0>,21
< cv2.DMatch 000002CC904886B0>,< cv2.DMatch 000002CC9048B3B0>,841
< cv2.DMatch 000002CC9048A230>,< cv2.DMatch 000002CC9048A1B0>,63
< cv2.DMatch 000002CC9048BCF0>,< cv2.DMatch 000002CC9048ACF0>,376
< cv2.DMatch 000002CC9048A210>,< cv2.DMatch 000002CC9048A930>,194
< cv2.DMatch 000002CC90488CB0>,< cv2.DMatch 000002CC90489090>,350
< cv2.DMatch 000002CC9048A4D0>,< cv2.DMatch 000002CC9048A0B0>,3
< cv2.DMatch 000002CC90489CB0>,< cv2.DMatch 000002CC9048A310>,1
< cv2.DMatch 000002CC904892B0>,< cv2.DMatch 000002CC90489750>,492
< cv2.DMatch 000002CC9048A350>,< cv2.DMatch 000002CC9048A8D0>,267
< cv2.DMatch 000002CC9048AF50>,< cv2.DMatch 000002CC9048A790>,726
< cv2.DMatch 000002CC90489530>,< cv2.DMatch 000002CC9048BA70>,546
< cv2.DMatch 000002CC90489F30>,< cv2.DMatch 000002CC9048B3D0>,1068
< cv2.DMatch 000002CC9048BD90>,< cv2.DMatch 000002CC9048B050>,200
< cv2.DMatch 000002CC9048B390>,< cv2.DMatch 000002CC90488C70>,44
< cv2.DMatch 000002CC9048BCD0>,< cv2.DMatch 000002CC9048ADD0>,46
< cv2.DMatch 000002CC9048B790>,< cv2.DMatch 000002CC90489E90>,20
< cv2.DMatch 000002CC90488D50>,< cv2.DMatch 000002CC9048AC90>,194
< cv2.DMatch 000002CC904897F0>,< cv2.DMatch 000002CC9048AF10>,272
< cv2.DMatch 000002CC90489AF0>,< cv2.DMatch 000002CC904882D0>,168
< cv2.DMatch 000002CC9048A190>,< cv2.DMatch 000002CC9048AE50>,1387
< cv2.DMatch 000002CC90488E50>,< cv2.DMatch 000002CC9048B630>,13
< cv2.DMatch 000002CC9048ADB0>,< cv2.DMatch 000002CC90489390>,46
< cv2.DMatch 000002CC9048B750>,< cv2.DMatch 000002CC9048A5D0>,2
< cv2.DMatch 000002CC90488670>,< cv2.DMatch 000002CC9048B150>,199
< cv2.DMatch 000002CC90489F70>,< cv2.DMatch 000002CC9048A570>,84
< cv2.DMatch 000002CC90489610>,< cv2.DMatch 000002CC9048B0D0>,1012
< cv2.DMatch 000002CC90489D30>,< cv2.DMatch 000002CC9048A510>,23
< cv2.DMatch 000002CC90488E30>,< cv2.DMatch 000002CC9048B650>,318
< cv2.DMatch 000002CC90489E70>,< cv2.DMatch 000002CC9048B830>,925
< cv2.DMatch 000002CC9048BFB0>,< cv2.DMatch 000002CC9048B670>,990
< cv2.DMatch 000002CC9048AAD0>,< cv2.DMatch 000002CC90489FD0>,205
< cv2.DMatch 000002CC904897B0>,< cv2.DMatch 000002CC90488EB0>,105
< cv2.DMatch 000002CC9048A750>,< cv2.DMatch 000002CC9048B230>,55
< cv2.DMatch 000002CC90489EB0>,< cv2.DMatch 000002CC90489A10>,545
< cv2.DMatch 000002CC90489430>,< cv2.DMatch 000002CC9048AC10>,373
< cv2.DMatch 000002CC9048A2F0>,< cv2.DMatch 000002CC9048AA70>,571
< cv2.DMatch 000002CC90488AB0>,< cv2.DMatch 000002CC90489010>,321
< cv2.DMatch 000002CC90489370>,< cv2.DMatch 000002CC9048A030>,32
< cv2.DMatch 000002CC9048A470>,< cv2.DMatch 000002CC9048A810>,20
< cv2.DMatch 000002CC9048A9F0>,< cv2.DMatch 000002CC9048B410>,46
< cv2.DMatch 000002CC904888D0>,< cv2.DMatch 000002CC904897D0>,198
< cv2.DMatch 000002CC90488930>,< cv2.DMatch 000002CC90488C90>,716
< cv2.DMatch 000002CC904891B0>,< cv2.DMatch 000002CC904894B0>,877
< cv2.DMatch 000002CC9048A0F0>,< cv2.DMatch 000002CC9048B110>,99
< cv2.DMatch 000002CC90489DF0>,< cv2.DMatch 000002CC904899B0>,246
< cv2.DMatch 000002CC9048B970>,< cv2.DMatch 000002CC9048BAF0>,6
< cv2.DMatch 000002CC90489CD0>,< cv2.DMatch 000002CC90489D90>,1117
< cv2.DMatch 000002CC9048AD10>,< cv2.DMatch 000002CC90488230>,16
< cv2.DMatch 000002CC90488B10>,< cv2.DMatch 000002CC904890D0>,439
< cv2.DMatch 000002CC904896F0>,< cv2.DMatch 000002CC90489C10>,625
< cv2.DMatch 000002CC9048A170>,< cv2.DMatch 000002CC9048A3B0>,1096
< cv2.DMatch 000002CC9048AD50>,< cv2.DMatch 000002CC9048B330>,209
< cv2.DMatch 000002CC9048B690>,< cv2.DMatch 000002CC9048B770>,639
< cv2.DMatch 000002CC9048B7F0>,< cv2.DMatch 000002CC9048B9F0>,1360
< cv2.DMatch 000002CC90489E10>,< cv2.DMatch 000002CC9048AFF0>,40
< cv2.DMatch 000002CC9048A970>,< cv2.DMatch 000002CC90489FB0>,441
< cv2.DMatch 000002CC90489410>,< cv2.DMatch 000002CC9048B130>,291
< cv2.DMatch 000002CC9048B4D0>,< cv2.DMatch 000002CC9048B7B0>,1185
< cv2.DMatch 000002CC9048A090>,< cv2.DMatch 000002CC90489910>,1111
< cv2.DMatch 000002CC9048B350>,< cv2.DMatch 000002CC90488B30>,144
< cv2.DMatch 000002CC90489810>,< cv2.DMatch 000002CC90489990>,12
< cv2.DMatch 000002CC90489A70>,< cv2.DMatch 000002CC90489890>,380
< cv2.DMatch 000002CC90488FF0>,< cv2.DMatch 000002CC9048B1D0>,427
< cv2.DMatch 000002CC90488FB0>,< cv2.DMatch 000002CC90489770>,448
< cv2.DMatch 000002CC90489D50>,< cv2.DMatch 000002CC90489170>,1263
< cv2.DMatch 000002CC9048A450>,< cv2.DMatch 000002CC90489250>,10
< cv2.DMatch 000002CC9048AAB0>,< cv2.DMatch 000002CC90488C30>,224
< cv2.DMatch 000002CC90488C10>,< cv2.DMatch 000002CC90488150>,23
< cv2.DMatch 000002CC9048B850>,< cv2.DMatch 000002CC9048A430>,67
< cv2.DMatch 000002CC9048AF70>,< cv2.DMatch 000002CC90488310>,66
< cv2.DMatch 000002CC9048BDF0>,< cv2.DMatch 000002CC9048B2F0>,67
< cv2.DMatch 000002CC9048B9D0>,< cv2.DMatch 000002CC90489B10>,4
< cv2.DMatch 000002CC90489730>,< cv2.DMatch 000002CC90488DB0>,8
< cv2.DMatch 000002CC9048B510>,< cv2.DMatch 000002CC90489A50>,427
< cv2.DMatch 000002CC9048AE10>,< cv2.DMatch 000002CC9048BBB0>,1035
< cv2.DMatch 000002CC9048BEB0>,< cv2.DMatch 000002CC9048BEF0>,744
< cv2.DMatch 000002CC90488690>,< cv2.DMatch 000002CC9048BAD0>,238
< cv2.DMatch 000002CC90488BF0>,< cv2.DMatch 000002CC90489B70>,5
< cv2.DMatch 000002CC9048A890>,< cv2.DMatch 000002CC9048BCB0>,653
< cv2.DMatch 000002CC9048B4B0>,< cv2.DMatch 000002CC904880D0>,1106
< cv2.DMatch 000002CC9048B8D0>,< cv2.DMatch 000002CC90488070>,664
< cv2.DMatch 000002CC90488190>,< cv2.DMatch 000002CC90488A50>,219
< cv2.DMatch 000002CC90488BB0>,< cv2.DMatch 000002CC90488EF0>,37
< cv2.DMatch 000002CC90489230>,< cv2.DMatch 000002CC90489490>,384
< cv2.DMatch 000002CC90489930>,< cv2.DMatch 000002CC90489A90>,374
< cv2.DMatch 000002CC9048A070>,< cv2.DMatch 000002CC9048A5F0>,317
< cv2.DMatch 000002CC9048A950>,< cv2.DMatch 000002CC9048AB70>,528
< cv2.DMatch 000002CC9048B190>,< cv2.DMatch 000002CC9048BBD0>,275
< cv2.DMatch 000002CC9048B4F0>,< cv2.DMatch 000002CC90488A90>,198
< cv2.DMatch 000002CC904896D0>,< cv2.DMatch 000002CC90489450>,627
< cv2.DMatch 000002CC9048A4F0>,< cv2.DMatch 000002CC90488A10>,280
< cv2.DMatch 000002CC90489B50>,< cv2.DMatch 000002CC90488FD0>,70
< cv2.DMatch 000002CC904892F0>,< cv2.DMatch 000002CC90489EF0>,246
< cv2.DMatch 000002CC90488F50>,< cv2.DMatch 000002CC9048A850>,211
< cv2.DMatch 000002CC90489C70>,< cv2.DMatch 000002CC90489550>,592
< cv2.DMatch 000002CC9048ADF0>,< cv2.DMatch 000002CC90489830>,35
< cv2.DMatch 000002CC9048A5B0>,< cv2.DMatch 000002CC9048A910>,91
< cv2.DMatch 000002CC9048AEB0>,< cv2.DMatch 000002CC904896B0>,722
< cv2.DMatch 000002CC9048B070>,< cv2.DMatch 000002CC9048AA30>,1167
< cv2.DMatch 000002CC9048A630>,< cv2.DMatch 000002CC9048BC10>,1042
< cv2.DMatch 000002CC9048A990>,< cv2.DMatch 000002CC9048AA90>,619
< cv2.DMatch 000002CC9048AB50>,< cv2.DMatch 000002CC90489D10>,53
< cv2.DMatch 000002CC90488730>,< cv2.DMatch 000002CC9048A370>,984
< cv2.DMatch 000002CC9048B430>,< cv2.DMatch 000002CC904894D0>,111
< cv2.DMatch 000002CC90489590>,< cv2.DMatch 000002CC90488270>,137
< cv2.DMatch 000002CC90489870>,< cv2.DMatch 000002CC9048BFD0>,673
< cv2.DMatch 000002CC904882F0>,< cv2.DMatch 000002CC90488470>,69
< cv2.DMatch 000002CC90488B90>,< cv2.DMatch 000002CC90488D10>,23
< cv2.DMatch 000002CC9048AE70>,< cv2.DMatch 000002CC9048B1F0>,21
< cv2.DMatch 000002CC9048BAB0>,< cv2.DMatch 000002CC9048BBF0>,319
< cv2.DMatch 000002CC9048BF90>,< cv2.DMatch 000002CC904888B0>,903
< cv2.DMatch 000002CC904891D0>,< cv2.DMatch 000002CC90489C30>,308
< cv2.DMatch 000002CC9048A3F0>,< cv2.DMatch 000002CC9048B250>,101
< cv2.DMatch 000002CC9048B470>,< cv2.DMatch 000002CC9048B8B0>,94
< cv2.DMatch 000002CC9048BD10>,< cv2.DMatch 000002CC90489050>,765
< cv2.DMatch 000002CC9048B210>,< cv2.DMatch 000002CC90488C50>,31
< cv2.DMatch 000002CC90488830>,< cv2.DMatch 000002CC9048AD90>,218
< cv2.DMatch 000002CC9048B2D0>,< cv2.DMatch 000002CC9048ACD0>,816
< cv2.DMatch 000002CC90488DF0>,< cv2.DMatch 000002CC90489070>,839
< cv2.DMatch 000002CC904895B0>,< cv2.DMatch 000002CC90489650>,954
< cv2.DMatch 000002CC904898D0>,< cv2.DMatch 000002CC90489BB0>,238
< cv2.DMatch 000002CC90489C50>,< cv2.DMatch 000002CC9048A710>,823
< cv2.DMatch 000002CC9048AB10>,< cv2.DMatch 000002CC9048B5F0>,644
< cv2.DMatch 000002CC9048B6B0>,< cv2.DMatch 000002CC9048BE90>,968
< cv2.DMatch 000002CC9048A110>,< cv2.DMatch 000002CC90489F50>,844
< cv2.DMatch 000002CC9048A9D0>,< cv2.DMatch 000002CC9048A390>,548
< cv2.DMatch 000002CC9048AED0>,< cv2.DMatch 000002CC90489C90>,85
< cv2.DMatch 000002CC9048AFB0>,< cv2.DMatch 000002CC90489B90>,864
< cv2.DMatch 000002CC90489ED0>,< cv2.DMatch 000002CC904881D0>,917
< cv2.DMatch 000002CC90488550>,< cv2.DMatch 000002CC90489CF0>,516
< cv2.DMatch 000002CC90489D70>,< cv2.DMatch 000002CC90488B70>,297
< cv2.DMatch 000002CC90489DD0>,< cv2.DMatch 000002CC9048ABF0>,429
< cv2.DMatch 000002CC9048B5B0>,< cv2.DMatch 000002CC90488790>,247
< cv2.DMatch 000002CC9048BA10>,< cv2.DMatch 000002CC90488630>,380
< cv2.DMatch 000002CC9048A330>,< cv2.DMatch 000002CC9048A050>,576
< cv2.DMatch 000002CC9048A7F0>,< cv2.DMatch 000002CC9048A130>,203
< cv2.DMatch 000002CC9048AB30>,< cv2.DMatch 000002CC90488530>,799
< cv2.DMatch 000002CC90488610>,< cv2.DMatch 000002CC904887F0>,514
< cv2.DMatch 000002CC9048A770>,< cv2.DMatch 000002CC9048BC50>,344
< cv2.DMatch 000002CC90488250>,< cv2.DMatch 000002CC90488410>,737
< cv2.DMatch 000002CC904887D0>,< cv2.DMatch 000002CC90488F90>,233
< cv2.DMatch 000002CC90489350>,< cv2.DMatch 000002CC90489BD0>,650
< cv2.DMatch 000002CC9048A650>,< cv2.DMatch 000002CC9048B530>,554
< cv2.DMatch 000002CC9048B730>,< cv2.DMatch 000002CC9048BD50>,468
< cv2.DMatch 000002CC9048BF30>,< cv2.DMatch 000002CC9048A150>,659
< cv2.DMatch 000002CC904893B0>,< cv2.DMatch 000002CC9048B1B0>,389
< cv2.DMatch 000002CC9048B570>,< cv2.DMatch 000002CC9048BD70>,135
< cv2.DMatch 000002CC90488110>,< cv2.DMatch 000002CC90488210>,1375
< cv2.DMatch 000002CC90488490>,< cv2.DMatch 000002CC90488A70>,127
< cv2.DMatch 000002CC90488CD0>,< cv2.DMatch 000002CC90489570>,363
< cv2.DMatch 000002CC90489690>,< cv2.DMatch 000002CC9048A8F0>,310
< cv2.DMatch 000002CC9048B290>,< cv2.DMatch 000002CC9048B6F0>,506
< cv2.DMatch 000002CC9048A290>,< cv2.DMatch 000002CC9048AA50>,653
< cv2.DMatch 000002CC9048A6F0>,< cv2.DMatch 000002CC904891F0>,40
< cv2.DMatch 000002CC90488E90>,< cv2.DMatch 000002CC9048AE90>,349
< cv2.DMatch 000002CC9048B170>,< cv2.DMatch 000002CC9048BE70>,964
< cv2.DMatch 000002CC904884D0>,< cv2.DMatch 000002CC90489AB0>,431
< cv2.DMatch 000002CC90489970>,< cv2.DMatch 000002CC90489BF0>,288
< cv2.DMatch 000002CC9048A6B0>,< cv2.DMatch 000002CC9048A830>,754
< cv2.DMatch 000002CC9048A870>,< cv2.DMatch 000002CC9048A8B0>,720
< cv2.DMatch 000002CC9048AC70>,< cv2.DMatch 000002CC9048B030>,767
< cv2.DMatch 000002CC9048B310>,< cv2.DMatch 000002CC9048B3F0>,168
< cv2.DMatch 000002CC9048B450>,< cv2.DMatch 000002CC9048B490>,133
< cv2.DMatch 000002CC9048B810>,< cv2.DMatch 000002CC9048BB30>,251
< cv2.DMatch 000002CC9048BC90>,< cv2.DMatch 000002CC9048BDB0>,4
< cv2.DMatch 000002CC90489AD0>,< cv2.DMatch 000002CC9048BE50>,782
< cv2.DMatch 000002CC90488130>,< cv2.DMatch 000002CC90488AF0>,1031
< cv2.DMatch 000002CC90488B50>,< cv2.DMatch 000002CC90488BD0>,683
< cv2.DMatch 000002CC90488D90>,< cv2.DMatch 000002CC90488E70>,454
< cv2.DMatch 000002CC90489030>,< cv2.DMatch 000002CC90489110>,426
< cv2.DMatch 000002CC90489150>,< cv2.DMatch 000002CC904893D0>,555
< cv2.DMatch 000002CC90489510>,< cv2.DMatch 000002CC90489850>,707
< cv2.DMatch 000002CC904898B0>,< cv2.DMatch 000002CC90489950>,60
< cv2.DMatch 000002CC90489E30>,< cv2.DMatch 000002CC90489FF0>,21
< cv2.DMatch 000002CC9048A1F0>,< cv2.DMatch 000002CC9048A250>,514
< cv2.DMatch 000002CC9048A2B0>,< cv2.DMatch 000002CC9048A4B0>,317
< cv2.DMatch 000002CC9048A530>,< cv2.DMatch 000002CC9048A670>,30
< cv2.DMatch 000002CC9048A6D0>,< cv2.DMatch 000002CC9048A730>,873
< cv2.DMatch 000002CC9048A7B0>,< cv2.DMatch 000002CC9048A9B0>,922
< cv2.DMatch 000002CC9048AA10>,< cv2.DMatch 000002CC9048AAF0>,223
< cv2.DMatch 000002CC9048AC30>,< cv2.DMatch 000002CC9048ACB0>,117
< cv2.DMatch 000002CC9048AEF0>,< cv2.DMatch 000002CC9048AF30>,308
< cv2.DMatch 000002CC9048AFD0>,< cv2.DMatch 000002CC9048B090>,341
< cv2.DMatch 000002CC9048B270>,< cv2.DMatch 000002CC9048B370>,1242
< cv2.DMatch 000002CC9048B5D0>,< cv2.DMatch 000002CC9048B6D0>,629
< cv2.DMatch 000002CC9048B7D0>,< cv2.DMatch 000002CC9048B870>,150
< cv2.DMatch 000002CC9048B8F0>,< cv2.DMatch 000002CC9048B930>,371
< cv2.DMatch 000002CC9048B950>,< cv2.DMatch 000002CC9048B9B0>,669
< cv2.DMatch 000002CC9048BA30>,< cv2.DMatch 000002CC9048BB70>,377
< cv2.DMatch 000002CC9048BC70>,< cv2.DMatch 000002CC9048BF10>,1
< cv2.DMatch 000002CC9048BF70>,< cv2.DMatch 000002CC904892D0>,441
< cv2.DMatch 000002CC90488590>,< cv2.DMatch 000002CC9048AD30>,573
< cv2.DMatch 000002CC9048B990>,< cv2.DMatch 000002CC90489670>,1
< cv2.DMatch 000002CC9048BDD0>,< cv2.DMatch 000002CC904886D0>,891
< cv2.DMatch 000002CC90488850>,< cv2.DMatch 000002CC904889D0>,141
< cv2.DMatch 000002CC90488DD0>,< cv2.DMatch 000002CC90488F10>,434
< cv2.DMatch 000002CC90489190>,< cv2.DMatch 000002CC90489210>,132
< cv2.DMatch 000002CC90489310>,< cv2.DMatch 000002CC904895D0>,176
< cv2.DMatch 000002CC90489F10>,< cv2.DMatch 000002CC9048A0D0>,401
< cv2.DMatch 000002CC9048A490>,< cv2.DMatch 000002CC9048A7D0>,443
< cv2.DMatch 000002CC9048BB10>,< cv2.DMatch 000002CC90488750>,163
< cv2.DMatch 000002CC90488810>,< cv2.DMatch 000002CC9048A550>,134
< cv2.DMatch 000002CC90488430>,< cv2.DMatch 000002CC904889B0>,107
< cv2.DMatch 000002CC90489F90>,< cv2.DMatch 000002CC9048AB90>,23
< cv2.DMatch 000002CC90488090>,< cv2.DMatch 000002CC9048B2B0>,429
< cv2.DMatch 000002CC90488890>,< cv2.DMatch 000002CC9048A610>,1080
< cv2.DMatch 000002CC904885F0>,< cv2.DMatch 000002CC904893F0>,937
< cv2.DMatch 000002CC9048B550>,< cv2.DMatch 000002CC90488450>,313
< cv2.DMatch 000002CC90488770>,< cv2.DMatch 000002CC90488AD0>,433
< cv2.DMatch 000002CC904882B0>,< cv2.DMatch 000002CC9048A1D0>,204
< cv2.DMatch 000002CC90488650>,< cv2.DMatch 000002CC90489130>,1031
< cv2.DMatch 000002CC90489B30>,< cv2.DMatch 000002CC9048A3D0>,1210
< cv2.DMatch 000002CC9048AE30>,< cv2.DMatch 000002CC9048BB50>,131
< cv2.DMatch 000002CC9048BD30>,< cv2.DMatch 000002CC904880B0>,320
< cv2.DMatch 000002CC9048AF90>,< cv2.DMatch 000002CC904881B0>,1037
< cv2.DMatch 000002CC90488390>,< cv2.DMatch 000002CC9048B0B0>,243
< cv2.DMatch 000002CC904890B0>,< cv2.DMatch 000002CC904888F0>,122
< cv2.DMatch 000002CC9048BE10>,< cv2.DMatch 000002CC904885D0>,385
< cv2.DMatch 000002CC90489290>,< cv2.DMatch 000002CC904880F0>,767
< cv2.DMatch 000002CC9048B710>,< cv2.DMatch 000002CC90489270>,7
< cv2.DMatch 000002CC90488D70>,< cv2.DMatch 000002CC904890F0>,68
< cv2.DMatch 000002CC90488290>,< cv2.DMatch 000002CC9048B910>,938
< cv2.DMatch 000002CC90488D30>,< cv2.DMatch 000002CC90489470>,673
< cv2.DMatch 000002CC904898F0>,< cv2.DMatch 000002CC9048A590>,207
< cv2.DMatch 000002CC9048BA90>,< cv2.DMatch 000002CC9048B890>,640
< cv2.DMatch 000002CC9048B010>,< cv2.DMatch 000002CC90488050>,847
< cv2.DMatch 000002CC90488710>,< cv2.DMatch 000002CC90488970>,431
< cv2.DMatch 000002CC904881F0>,< cv2.DMatch 000002CC9048A010>,194
< cv2.DMatch 000002CC9048A270>,< cv2.DMatch 000002CC90488030>,655
< cv2.DMatch 000002CC9048ABB0>,< cv2.DMatch 000002CC90489790>,135
< cv2.DMatch 000002CC9048BE30>,< cv2.DMatch 000002CC904886F0>,1325
< cv2.DMatch 000002CC90488170>,< cv2.DMatch 000002CC904887B0>,54
< cv2.DMatch 000002CC904899F0>,< cv2.DMatch 000002CC90488A30>,765
< cv2.DMatch 000002CC90488F70>,< cv2.DMatch 000002CC904894F0>,256
< cv2.DMatch 000002CC90489710>,< cv2.DMatch 000002CC90489DB0>,731
< cv2.DMatch 000002CC9048AD70>,< cv2.DMatch 000002CC9048BF50>,67
< cv2.DMatch 000002CC90488350>,< cv2.DMatch 000002CC90488330>,93
< cv2.DMatch 000002CC90489630>,< cv2.DMatch 000002CC9048BB90>,306
< cv2.DMatch 000002CC9048BED0>,< cv2.DMatch 000002CC9048B590>,1115
< cv2.DMatch 000002CC904883D0>,< cv2.DMatch 000002CC904883B0>,825
< cv2.DMatch 000002CC904884B0>,< cv2.DMatch 000002CC90488910>,1080
< cv2.DMatch 000002CC90488CF0>,< cv2.DMatch 000002CC90488E10>,559
< cv2.DMatch 000002CC90488ED0>,< cv2.DMatch 000002CC90488F30>,207
< cv2.DMatch 000002CC90489330>,< cv2.DMatch 000002CC904895F0>,503
< cv2.DMatch 000002CC90489A30>,< cv2.DMatch 000002CC90489E50>,608
< cv2.DMatch 000002CC9048A2D0>,< cv2.DMatch 000002CC9048A410>,803
< cv2.DMatch 000002CC9048AC50>,< cv2.DMatch 000002CC9048B0F0>,1060
< cv2.DMatch 000002CC9048BA50>,< cv2.DMatch 000002CC9048BC30>,594
< cv2.DMatch 000002CC90488510>,< cv2.DMatch 000002CC904899D0>,359
< cv2.DMatch 000002CC9048A690>,< cv2.DMatch 000002CC9048ABD0>,4
< cv2.DMatch 000002CC9048B610>,< cv2.DMatch 000002CC90488370>,649
< cv2.DMatch 000002CC904883F0>,< cv2.DMatch 000002CC904884F0>,243
< cv2.DMatch 000002CC90488570>,< cv2.DMatch 000002CC904885B0>,302
< cv2.DMatch 000002CC90488870>,< cv2.DMatch 000002CC90488950>,404
< cv2.DMatch 000002CC90488990>,< cv2.DMatch 000002CC904889F0>,480
< cv2.DMatch 000002CC904703B0>,< cv2.DMatch 000002CC90470570>,239
< cv2.DMatch 000002CC90470030>,< cv2.DMatch 000002CC90470050>,736
< cv2.DMatch 000002CC90470070>,< cv2.DMatch 000002CC90470090>,385
< cv2.DMatch 000002CC904700B0>,< cv2.DMatch 000002CC904700D0>,185
< cv2.DMatch 000002CC904700F0>,< cv2.DMatch 000002CC90470110>,264
< cv2.DMatch 000002CC90470130>,< cv2.DMatch 000002CC90470150>,966
< cv2.DMatch 000002CC90470170>,< cv2.DMatch 000002CC90470190>,1005
< cv2.DMatch 000002CC904701B0>,< cv2.DMatch 000002CC904701D0>,135
< cv2.DMatch 000002CC904701F0>,< cv2.DMatch 000002CC90470210>,675
< cv2.DMatch 000002CC90470230>,< cv2.DMatch 000002CC90470250>,874
< cv2.DMatch 000002CC90470270>,< cv2.DMatch 000002CC90470290>,159
< cv2.DMatch 000002CC904702B0>,< cv2.DMatch 000002CC904702D0>,588
< cv2.DMatch 000002CC904702F0>,< cv2.DMatch 000002CC90470310>,31
< cv2.DMatch 000002CC90470330>,< cv2.DMatch 000002CC90470350>,233
< cv2.DMatch 000002CC90470370>,< cv2.DMatch 000002CC90470390>,261
< cv2.DMatch 000002CC904703D0>,< cv2.DMatch 000002CC904703F0>,1
< cv2.DMatch 000002CC90470410>,< cv2.DMatch 000002CC90470430>,406
< cv2.DMatch 000002CC90470450>,< cv2.DMatch 000002CC90470470>,763
< cv2.DMatch 000002CC90470490>,< cv2.DMatch 000002CC904704B0>,27
< cv2.DMatch 000002CC904704D0>,< cv2.DMatch 000002CC904704F0>,529
< cv2.DMatch 000002CC90470510>,< cv2.DMatch 000002CC90470530>,31
< cv2.DMatch 000002CC90470550>,< cv2.DMatch 000002CC90470590>,194
< cv2.DMatch 000002CC904705B0>,< cv2.DMatch 000002CC904705D0>,452
< cv2.DMatch 000002CC904705F0>,< cv2.DMatch 000002CC90470610>,716
< cv2.DMatch 000002CC90470630>,< cv2.DMatch 000002CC90470650>,908
< cv2.DMatch 000002CC90470670>,< cv2.DMatch 000002CC90470690>,326
< cv2.DMatch 000002CC904706B0>,< cv2.DMatch 000002CC904706D0>,38
< cv2.DMatch 000002CC904706F0>,< cv2.DMatch 000002CC90470710>,8
< cv2.DMatch 000002CC90470730>,< cv2.DMatch 000002CC90470750>,49
< cv2.DMatch 000002CC90470770>,< cv2.DMatch 000002CC90470790>,54
< cv2.DMatch 000002CC904707B0>,< cv2.DMatch 000002CC904707D0>,400
< cv2.DMatch 000002CC904707F0>,< cv2.DMatch 000002CC90470810>,175
< cv2.DMatch 000002CC90470830>,< cv2.DMatch 000002CC90470850>,406
< cv2.DMatch 000002CC90470870>,< cv2.DMatch 000002CC90470890>,82
< cv2.DMatch 000002CC904708B0>,< cv2.DMatch 000002CC904708D0>,537
< cv2.DMatch 000002CC904708F0>,< cv2.DMatch 000002CC90470910>,390
< cv2.DMatch 000002CC90470930>,< cv2.DMatch 000002CC90470950>,341
< cv2.DMatch 000002CC90470970>,< cv2.DMatch 000002CC90470990>,96
< cv2.DMatch 000002CC904709B0>,< cv2.DMatch 000002CC904709D0>,1
< cv2.DMatch 000002CC904709F0>,< cv2.DMatch 000002CC90470A10>,238
< cv2.DMatch 000002CC90470A30>,< cv2.DMatch 000002CC90470A50>,173
< cv2.DMatch 000002CC90470A70>,< cv2.DMatch 000002CC90470A90>,126
< cv2.DMatch 000002CC90470AB0>,< cv2.DMatch 000002CC90470AD0>,350
< cv2.DMatch 000002CC90470AF0>,< cv2.DMatch 000002CC90470B10>,34
< cv2.DMatch 000002CC90470B30>,< cv2.DMatch 000002CC90470B50>,389
< cv2.DMatch 000002CC90470B70>,< cv2.DMatch 000002CC90470B90>,348
< cv2.DMatch 000002CC90470BB0>,< cv2.DMatch 000002CC90470BD0>,590
< cv2.DMatch 000002CC90470BF0>,< cv2.DMatch 000002CC90470C10>,590
< cv2.DMatch 000002CC90470C30>,< cv2.DMatch 000002CC90470C50>,789
< cv2.DMatch 000002CC90470C70>,< cv2.DMatch 000002CC90470C90>,812
< cv2.DMatch 000002CC90470CB0>,< cv2.DMatch 000002CC90470CD0>,362
< cv2.DMatch 000002CC90470CF0>,< cv2.DMatch 000002CC90470D10>,19
< cv2.DMatch 000002CC90470D30>,< cv2.DMatch 000002CC90470D50>,52
< cv2.DMatch 000002CC90470D70>,< cv2.DMatch 000002CC90470D90>,21
< cv2.DMatch 000002CC90470DB0>,< cv2.DMatch 000002CC90470DD0>,549
< cv2.DMatch 000002CC90470DF0>,< cv2.DMatch 000002CC90470E10>,13
< cv2.DMatch 000002CC90470E30>,< cv2.DMatch 000002CC90470E50>,632
< cv2.DMatch 000002CC90470E70>,< cv2.DMatch 000002CC90470E90>,48
< cv2.DMatch 000002CC90470EB0>,< cv2.DMatch 000002CC90470ED0>,66
< cv2.DMatch 000002CC90470EF0>,< cv2.DMatch 000002CC90470F10>,257
< cv2.DMatch 000002CC90470F30>,< cv2.DMatch 000002CC90470F50>,36
< cv2.DMatch 000002CC90470F70>,< cv2.DMatch 000002CC90470F90>,412
< cv2.DMatch 000002CC90470FB0>,< cv2.DMatch 000002CC90470FD0>,1096
< cv2.DMatch 000002CC90470FF0>,< cv2.DMatch 000002CC90471010>,239
< cv2.DMatch 000002CC90471030>,< cv2.DMatch 000002CC90471050>,1433
< cv2.DMatch 000002CC90471070>,< cv2.DMatch 000002CC90471090>,623
< cv2.DMatch 000002CC904710B0>,< cv2.DMatch 000002CC904710D0>,335
< cv2.DMatch 000002CC904710F0>,< cv2.DMatch 000002CC90471110>,722
< cv2.DMatch 000002CC90471130>,< cv2.DMatch 000002CC90471150>,1
< cv2.DMatch 000002CC90471170>,< cv2.DMatch 000002CC90471190>,623
< cv2.DMatch 000002CC904711B0>,< cv2.DMatch 000002CC904711D0>,78
< cv2.DMatch 000002CC904711F0>,< cv2.DMatch 000002CC90471210>,527
< cv2.DMatch 000002CC90471230>,< cv2.DMatch 000002CC90471250>,438
< cv2.DMatch 000002CC90471270>,< cv2.DMatch 000002CC90471290>,515
< cv2.DMatch 000002CC904712B0>,< cv2.DMatch 000002CC904712D0>,544
< cv2.DMatch 000002CC904712F0>,< cv2.DMatch 000002CC90471310>,397
< cv2.DMatch 000002CC90471330>,< cv2.DMatch 000002CC90471350>,576
< cv2.DMatch 000002CC90471370>,< cv2.DMatch 000002CC90471390>,157
< cv2.DMatch 000002CC904713B0>,< cv2.DMatch 000002CC904713D0>,338
< cv2.DMatch 000002CC904713F0>,< cv2.DMatch 000002CC90471410>,143
< cv2.DMatch 000002CC90471430>,< cv2.DMatch 000002CC90471450>,37
< cv2.DMatch 000002CC90471470>,< cv2.DMatch 000002CC90471490>,176
< cv2.DMatch 000002CC904714B0>,< cv2.DMatch 000002CC904714D0>,14
< cv2.DMatch 000002CC904714F0>,< cv2.DMatch 000002CC90471510>,192
< cv2.DMatch 000002CC90471530>,< cv2.DMatch 000002CC90471550>,97
< cv2.DMatch 000002CC90471570>,< cv2.DMatch 000002CC90471590>,613
< cv2.DMatch 000002CC904715B0>,< cv2.DMatch 000002CC904715D0>,644
< cv2.DMatch 000002CC904715F0>,< cv2.DMatch 000002CC90471610>,582
< cv2.DMatch 000002CC90471630>,< cv2.DMatch 000002CC90471650>,395
< cv2.DMatch 000002CC90471670>,< cv2.DMatch 000002CC90471690>,9
< cv2.DMatch 000002CC904716B0>,< cv2.DMatch 000002CC904716D0>,136
< cv2.DMatch 000002CC904716F0>,< cv2.DMatch 000002CC90471710>,132
< cv2.DMatch 000002CC90471730>,< cv2.DMatch 000002CC90471750>,938
< cv2.DMatch 000002CC90471770>,< cv2.DMatch 000002CC90471790>,686
< cv2.DMatch 000002CC904717B0>,< cv2.DMatch 000002CC904717D0>,260
< cv2.DMatch 000002CC904717F0>,< cv2.DMatch 000002CC90471810>,233
< cv2.DMatch 000002CC90471830>,< cv2.DMatch 000002CC90471850>,385
< cv2.DMatch 000002CC90471870>,< cv2.DMatch 000002CC90471890>,9
< cv2.DMatch 000002CC904718B0>,< cv2.DMatch 000002CC904718D0>,188
< cv2.DMatch 000002CC904718F0>,< cv2.DMatch 000002CC90471910>,26
< cv2.DMatch 000002CC90471930>,< cv2.DMatch 000002CC90471950>,254
< cv2.DMatch 000002CC90471970>,< cv2.DMatch 000002CC90471990>,250
< cv2.DMatch 000002CC904719B0>,< cv2.DMatch 000002CC904719D0>,576
< cv2.DMatch 000002CC904719F0>,< cv2.DMatch 000002CC90471A10>,894
< cv2.DMatch 000002CC90471A30>,< cv2.DMatch 000002CC90471A50>,623
< cv2.DMatch 000002CC90471A70>,< cv2.DMatch 000002CC90471A90>,599
< cv2.DMatch 000002CC90471AB0>,< cv2.DMatch 000002CC90471AD0>,543
< cv2.DMatch 000002CC90471AF0>,< cv2.DMatch 000002CC90471B10>,568
< cv2.DMatch 000002CC90471B30>,< cv2.DMatch 000002CC90471B50>,436
< cv2.DMatch 000002CC90471B70>,< cv2.DMatch 000002CC90471B90>,149
< cv2.DMatch 000002CC90471BB0>,< cv2.DMatch 000002CC90471BD0>,628
< cv2.DMatch 000002CC90471BF0>,< cv2.DMatch 000002CC90471C10>,453
< cv2.DMatch 000002CC90471C30>,< cv2.DMatch 000002CC90471C50>,633
< cv2.DMatch 000002CC90471C70>,< cv2.DMatch 000002CC90471C90>,362
< cv2.DMatch 000002CC90471CB0>,< cv2.DMatch 000002CC90471CD0>,359
< cv2.DMatch 000002CC90471CF0>,< cv2.DMatch 000002CC90471D10>,375
< cv2.DMatch 000002CC90471D30>,< cv2.DMatch 000002CC90471D50>,387
< cv2.DMatch 000002CC90471D70>,< cv2.DMatch 000002CC90471D90>,33
< cv2.DMatch 000002CC90471DB0>,< cv2.DMatch 000002CC90471DD0>,262
< cv2.DMatch 000002CC90471DF0>,< cv2.DMatch 000002CC90471E10>,888
< cv2.DMatch 000002CC90471E30>,< cv2.DMatch 000002CC90471E50>,529
< cv2.DMatch 000002CC90471E70>,< cv2.DMatch 000002CC90471E90>,369
< cv2.DMatch 000002CC90471EB0>,< cv2.DMatch 000002CC90471ED0>,367
< cv2.DMatch 000002CC90471EF0>,< cv2.DMatch 000002CC90471F10>,54
< cv2.DMatch 000002CC90471F30>,< cv2.DMatch 000002CC90471F50>,56
< cv2.DMatch 000002CC90471F70>,< cv2.DMatch 000002CC90471F90>,487
< cv2.DMatch 000002CC90471FB0>,< cv2.DMatch 000002CC90471FD0>,294
< cv2.DMatch 000002CC90471FF0>,< cv2.DMatch 000002CC90472010>,106
< cv2.DMatch 000002CC90472030>,< cv2.DMatch 000002CC90472050>,203
< cv2.DMatch 000002CC90472070>,< cv2.DMatch 000002CC90472090>,557
< cv2.DMatch 000002CC904720B0>,< cv2.DMatch 000002CC904720D0>,610
< cv2.DMatch 000002CC904720F0>,< cv2.DMatch 000002CC90472110>,207
< cv2.DMatch 000002CC90472130>,< cv2.DMatch 000002CC90472150>,900
< cv2.DMatch 000002CC90472170>,< cv2.DMatch 000002CC90472190>,207
< cv2.DMatch 000002CC904721B0>,< cv2.DMatch 000002CC904721D0>,67
< cv2.DMatch 000002CC904721F0>,< cv2.DMatch 000002CC90472210>,457
< cv2.DMatch 000002CC90472230>,< cv2.DMatch 000002CC90472250>,4
< cv2.DMatch 000002CC90472270>,< cv2.DMatch 000002CC90472290>,508
< cv2.DMatch 000002CC904722B0>,< cv2.DMatch 000002CC904722D0>,644
< cv2.DMatch 000002CC904722F0>,< cv2.DMatch 000002CC90472310>,512
< cv2.DMatch 000002CC90472330>,< cv2.DMatch 000002CC90472350>,365
< cv2.DMatch 000002CC90472370>,< cv2.DMatch 000002CC90472390>,223
< cv2.DMatch 000002CC904723B0>,< cv2.DMatch 000002CC904723D0>,365
< cv2.DMatch 000002CC904723F0>,< cv2.DMatch 000002CC90472410>,223
< cv2.DMatch 000002CC90472430>,< cv2.DMatch 000002CC90472450>,750
< cv2.DMatch 000002CC90472470>,< cv2.DMatch 000002CC90472490>,803
< cv2.DMatch 000002CC904724B0>,< cv2.DMatch 000002CC904724D0>,274
< cv2.DMatch 000002CC904724F0>,< cv2.DMatch 000002CC90472510>,938
< cv2.DMatch 000002CC90472530>,< cv2.DMatch 000002CC90472550>,652
< cv2.DMatch 000002CC90472570>,< cv2.DMatch 000002CC90472590>,809
< cv2.DMatch 000002CC904725B0>,< cv2.DMatch 000002CC904725D0>,689
< cv2.DMatch 000002CC904725F0>,< cv2.DMatch 000002CC90472610>,424
< cv2.DMatch 000002CC90472630>,< cv2.DMatch 000002CC90472650>,199
< cv2.DMatch 000002CC90472670>,< cv2.DMatch 000002CC90472690>,200
< cv2.DMatch 000002CC904726B0>,< cv2.DMatch 000002CC904726D0>,611
< cv2.DMatch 000002CC904726F0>,< cv2.DMatch 000002CC90472710>,545
< cv2.DMatch 000002CC90472730>,< cv2.DMatch 000002CC90472750>,462
< cv2.DMatch 000002CC90472770>,< cv2.DMatch 000002CC90472790>,729
< cv2.DMatch 000002CC904727B0>,< cv2.DMatch 000002CC904727D0>,915
< cv2.DMatch 000002CC904727F0>,< cv2.DMatch 000002CC90472810>,1074
< cv2.DMatch 000002CC90472830>,< cv2.DMatch 000002CC90472850>,13
< cv2.DMatch 000002CC90472870>,< cv2.DMatch 000002CC90472890>,13
< cv2.DMatch 000002CC904728B0>,< cv2.DMatch 000002CC904728D0>,539
< cv2.DMatch 000002CC904728F0>,< cv2.DMatch 000002CC90472910>,796
< cv2.DMatch 000002CC90472930>,< cv2.DMatch 000002CC90472950>,48
< cv2.DMatch 000002CC90472970>,< cv2.DMatch 000002CC90472990>,714
< cv2.DMatch 000002CC904729B0>,< cv2.DMatch 000002CC904729D0>,66
< cv2.DMatch 000002CC904729F0>,< cv2.DMatch 000002CC90472A10>,12
< cv2.DMatch 000002CC90472A30>,< cv2.DMatch 000002CC90472A50>,217
< cv2.DMatch 000002CC90472A70>,< cv2.DMatch 000002CC90472A90>,45
< cv2.DMatch 000002CC90472AB0>,< cv2.DMatch 000002CC90472AD0>,20
< cv2.DMatch 000002CC90472AF0>,< cv2.DMatch 000002CC90472B10>,501
< cv2.DMatch 000002CC90472B30>,< cv2.DMatch 000002CC90472B50>,670
< cv2.DMatch 000002CC90472B70>,< cv2.DMatch 000002CC90472B90>,68
< cv2.DMatch 000002CC90472BB0>,< cv2.DMatch 000002CC90472BD0>,920
< cv2.DMatch 000002CC90472BF0>,< cv2.DMatch 000002CC90472C10>,620
< cv2.DMatch 000002CC90472C30>,< cv2.DMatch 000002CC90472C50>,699
< cv2.DMatch 000002CC90472C70>,< cv2.DMatch 000002CC90472C90>,305
< cv2.DMatch 000002CC90472CB0>,< cv2.DMatch 000002CC90472CD0>,135
< cv2.DMatch 000002CC90472CF0>,< cv2.DMatch 000002CC90472D10>,248
< cv2.DMatch 000002CC90472D30>,< cv2.DMatch 000002CC90472D50>,942
< cv2.DMatch 000002CC90472D70>,< cv2.DMatch 000002CC90472D90>,582
< cv2.DMatch 000002CC90472DB0>,< cv2.DMatch 000002CC90472DD0>,85
< cv2.DMatch 000002CC90472DF0>,< cv2.DMatch 000002CC90472E10>,266
< cv2.DMatch 000002CC90472E30>,< cv2.DMatch 000002CC90472E50>,969
< cv2.DMatch 000002CC90472E70>,< cv2.DMatch 000002CC90472E90>,481
< cv2.DMatch 000002CC90472EB0>,< cv2.DMatch 000002CC90472ED0>,257
< cv2.DMatch 000002CC90472EF0>,< cv2.DMatch 000002CC90472F10>,332
< cv2.DMatch 000002CC90472F30>,< cv2.DMatch 000002CC90472F50>,386
< cv2.DMatch 000002CC90472F70>,< cv2.DMatch 000002CC90472F90>,239
< cv2.DMatch 000002CC90472FB0>,< cv2.DMatch 000002CC90472FD0>,534
< cv2.DMatch 000002CC90472FF0>,< cv2.DMatch 000002CC90473010>,253
< cv2.DMatch 000002CC90473030>,< cv2.DMatch 000002CC90473050>,67
< cv2.DMatch 000002CC90473070>,< cv2.DMatch 000002CC90473090>,68
< cv2.DMatch 000002CC904730B0>,< cv2.DMatch 000002CC904730D0>,274
< cv2.DMatch 000002CC904730F0>,< cv2.DMatch 000002CC90473110>,99
< cv2.DMatch 000002CC90473130>,< cv2.DMatch 000002CC90473150>,1407
< cv2.DMatch 000002CC90473170>,< cv2.DMatch 000002CC90473190>,783
< cv2.DMatch 000002CC904731B0>,< cv2.DMatch 000002CC904731D0>,411
< cv2.DMatch 000002CC904731F0>,< cv2.DMatch 000002CC90473210>,459
< cv2.DMatch 000002CC90473230>,< cv2.DMatch 000002CC90473250>,213
< cv2.DMatch 000002CC90473270>,< cv2.DMatch 000002CC90473290>,622
< cv2.DMatch 000002CC904732B0>,< cv2.DMatch 000002CC904732D0>,610
< cv2.DMatch 000002CC904732F0>,< cv2.DMatch 000002CC90473310>,249
< cv2.DMatch 000002CC90473330>,< cv2.DMatch 000002CC90473350>,60
< cv2.DMatch 000002CC90473370>,< cv2.DMatch 000002CC90473390>,31
< cv2.DMatch 000002CC904733B0>,< cv2.DMatch 000002CC904733D0>,129
< cv2.DMatch 000002CC904733F0>,< cv2.DMatch 000002CC90473410>,3
< cv2.DMatch 000002CC90473430>,< cv2.DMatch 000002CC90473450>,760
< cv2.DMatch 000002CC90473470>,< cv2.DMatch 000002CC90473490>,696
< cv2.DMatch 000002CC904734B0>,< cv2.DMatch 000002CC904734D0>,344
< cv2.DMatch 000002CC904734F0>,< cv2.DMatch 000002CC90473510>,480
< cv2.DMatch 000002CC90473530>,< cv2.DMatch 000002CC90473550>,731
< cv2.DMatch 000002CC90473570>,< cv2.DMatch 000002CC90473590>,136
< cv2.DMatch 000002CC904735B0>,< cv2.DMatch 000002CC904735D0>,10
< cv2.DMatch 000002CC904735F0>,< cv2.DMatch 000002CC90473610>,200
< cv2.DMatch 000002CC90473630>,< cv2.DMatch 000002CC90473650>,34
< cv2.DMatch 000002CC90473670>,< cv2.DMatch 000002CC90473690>,172
< cv2.DMatch 000002CC904736B0>,< cv2.DMatch 000002CC904736D0>,509
< cv2.DMatch 000002CC904736F0>,< cv2.DMatch 000002CC90473710>,390
< cv2.DMatch 000002CC90473730>,< cv2.DMatch 000002CC90473750>,524
< cv2.DMatch 000002CC90473770>,< cv2.DMatch 000002CC90473790>,194
< cv2.DMatch 000002CC904737B0>,< cv2.DMatch 000002CC904737D0>,89
< cv2.DMatch 000002CC904737F0>,< cv2.DMatch 000002CC90473810>,669
< cv2.DMatch 000002CC90473830>,< cv2.DMatch 000002CC90473850>,925
< cv2.DMatch 000002CC90473870>,< cv2.DMatch 000002CC90473890>,613
< cv2.DMatch 000002CC904738B0>,< cv2.DMatch 000002CC904738D0>,338
< cv2.DMatch 000002CC904738F0>,< cv2.DMatch 000002CC90473910>,13
< cv2.DMatch 000002CC90473930>,< cv2.DMatch 000002CC90473950>,81
< cv2.DMatch 000002CC90473970>,< cv2.DMatch 000002CC90473990>,82
< cv2.DMatch 000002CC904739B0>,< cv2.DMatch 000002CC904739D0>,731
< cv2.DMatch 000002CC904739F0>,< cv2.DMatch 000002CC90473A10>,744
< cv2.DMatch 000002CC90473A30>,< cv2.DMatch 000002CC90473A50>,120
< cv2.DMatch 000002CC90473A70>,< cv2.DMatch 000002CC90473A90>,634
< cv2.DMatch 000002CC90473AB0>,< cv2.DMatch 000002CC90473AD0>,485
< cv2.DMatch 000002CC90473AF0>,< cv2.DMatch 000002CC90473B10>,775
< cv2.DMatch 000002CC90473B30>,< cv2.DMatch 000002CC90473B50>,226
< cv2.DMatch 000002CC90473B70>,< cv2.DMatch 000002CC90473B90>,104
< cv2.DMatch 000002CC90473BB0>,< cv2.DMatch 000002CC90473BD0>,3
< cv2.DMatch 000002CC90473BF0>,< cv2.DMatch 000002CC90473C10>,797
< cv2.DMatch 000002CC90473C30>,< cv2.DMatch 000002CC90473C50>,605
< cv2.DMatch 000002CC90473C70>,< cv2.DMatch 000002CC90473C90>,700
< cv2.DMatch 000002CC90473CB0>,< cv2.DMatch 000002CC90473CD0>,251
< cv2.DMatch 000002CC90473CF0>,< cv2.DMatch 000002CC90473D10>,73
< cv2.DMatch 000002CC90473D30>,< cv2.DMatch 000002CC90473D50>,538
< cv2.DMatch 000002CC90473D70>,< cv2.DMatch 000002CC90473D90>,270
< cv2.DMatch 000002CC90473DB0>,< cv2.DMatch 000002CC90473DD0>,578
< cv2.DMatch 000002CC90473DF0>,< cv2.DMatch 000002CC90473E10>,745
< cv2.DMatch 000002CC90473E30>,< cv2.DMatch 000002CC90473E50>,51
< cv2.DMatch 000002CC90473E70>,< cv2.DMatch 000002CC90473E90>,1312
< cv2.DMatch 000002CC90473EB0>,< cv2.DMatch 000002CC90473ED0>,696
< cv2.DMatch 000002CC90473EF0>,< cv2.DMatch 000002CC90473F10>,14
< cv2.DMatch 000002CC90473F30>,< cv2.DMatch 000002CC90473F50>,275
< cv2.DMatch 000002CC90473F70>,< cv2.DMatch 000002CC90473F90>,614
< cv2.DMatch 000002CC90473FB0>,< cv2.DMatch 000002CC90473FD0>,414
< cv2.DMatch 000002CC90490030>,< cv2.DMatch 000002CC90490050>,742
< cv2.DMatch 000002CC90490070>,< cv2.DMatch 000002CC90490090>,217
< cv2.DMatch 000002CC904900B0>,< cv2.DMatch 000002CC904900D0>,147
< cv2.DMatch 000002CC904900F0>,< cv2.DMatch 000002CC90490110>,41
< cv2.DMatch 000002CC90490130>,< cv2.DMatch 000002CC90490150>,513
< cv2.DMatch 000002CC90490170>,< cv2.DMatch 000002CC90490190>,335
< cv2.DMatch 000002CC904901B0>,< cv2.DMatch 000002CC904901D0>,562
< cv2.DMatch 000002CC904901F0>,< cv2.DMatch 000002CC90490210>,1100
< cv2.DMatch 000002CC90490230>,< cv2.DMatch 000002CC90490250>,320
< cv2.DMatch 000002CC90490270>,< cv2.DMatch 000002CC90490290>,40
< cv2.DMatch 000002CC904902B0>,< cv2.DMatch 000002CC904902D0>,130
< cv2.DMatch 000002CC904902F0>,< cv2.DMatch 000002CC90490310>,35
< cv2.DMatch 000002CC90490330>,< cv2.DMatch 000002CC90490350>,609
< cv2.DMatch 000002CC90490370>,< cv2.DMatch 000002CC90490390>,54
< cv2.DMatch 000002CC904903B0>,< cv2.DMatch 000002CC904903D0>,674
< cv2.DMatch 000002CC904903F0>,< cv2.DMatch 000002CC90490410>,217
< cv2.DMatch 000002CC90490430>,< cv2.DMatch 000002CC90490450>,428
< cv2.DMatch 000002CC90490470>,< cv2.DMatch 000002CC90490490>,926
< cv2.DMatch 000002CC904904B0>,< cv2.DMatch 000002CC904904D0>,447
< cv2.DMatch 000002CC904904F0>,< cv2.DMatch 000002CC90490510>,269
< cv2.DMatch 000002CC90490530>,< cv2.DMatch 000002CC90490550>,659
< cv2.DMatch 000002CC90490570>,< cv2.DMatch 000002CC90490590>,80
< cv2.DMatch 000002CC904905B0>,< cv2.DMatch 000002CC904905D0>,861
< cv2.DMatch 000002CC904905F0>,< cv2.DMatch 000002CC90490610>,27
< cv2.DMatch 000002CC90490630>,< cv2.DMatch 000002CC90490650>,1
< cv2.DMatch 000002CC90490670>,< cv2.DMatch 000002CC90490690>,565
< cv2.DMatch 000002CC904906B0>,< cv2.DMatch 000002CC904906D0>,315
< cv2.DMatch 000002CC904906F0>,< cv2.DMatch 000002CC90490710>,114
< cv2.DMatch 000002CC90490730>,< cv2.DMatch 000002CC90490750>,378
< cv2.DMatch 000002CC90490770>,< cv2.DMatch 000002CC90490790>,51
< cv2.DMatch 000002CC904907B0>,< cv2.DMatch 000002CC904907D0>,51
< cv2.DMatch 000002CC904907F0>,< cv2.DMatch 000002CC90490810>,730
< cv2.DMatch 000002CC90490830>,< cv2.DMatch 000002CC90490850>,637
< cv2.DMatch 000002CC90490870>,< cv2.DMatch 000002CC90490890>,385
< cv2.DMatch 000002CC904908B0>,< cv2.DMatch 000002CC904908D0>,138
< cv2.DMatch 000002CC904908F0>,< cv2.DMatch 000002CC90490910>,129
< cv2.DMatch 000002CC90490930>,< cv2.DMatch 000002CC90490950>,274
< cv2.DMatch 000002CC90490970>,< cv2.DMatch 000002CC90490990>,406
< cv2.DMatch 000002CC904909B0>,< cv2.DMatch 000002CC904909D0>,35
< cv2.DMatch 000002CC904909F0>,< cv2.DMatch 000002CC90490A10>,359
< cv2.DMatch 000002CC90490A30>,< cv2.DMatch 000002CC90490A50>,45
< cv2.DMatch 000002CC90490A70>,< cv2.DMatch 000002CC90490A90>,300
< cv2.DMatch 000002CC90490AB0>,< cv2.DMatch 000002CC90490AD0>,1
< cv2.DMatch 000002CC90490AF0>,< cv2.DMatch 000002CC90490B10>,824
< cv2.DMatch 000002CC90490B30>,< cv2.DMatch 000002CC90490B50>,413
< cv2.DMatch 000002CC90490B70>,< cv2.DMatch 000002CC90490B90>,468
< cv2.DMatch 000002CC90490BB0>,< cv2.DMatch 000002CC90490BD0>,40
< cv2.DMatch 000002CC90490BF0>,< cv2.DMatch 000002CC90490C10>,195
< cv2.DMatch 000002CC90490C30>,< cv2.DMatch 000002CC90490C50>,2
< cv2.DMatch 000002CC90490C70>,< cv2.DMatch 000002CC90490C90>,352
< cv2.DMatch 000002CC90490CB0>,< cv2.DMatch 000002CC90490CD0>,422
< cv2.DMatch 000002CC90490CF0>,< cv2.DMatch 000002CC90490D10>,593
< cv2.DMatch 000002CC90490D30>,< cv2.DMatch 000002CC90490D50>,526
< cv2.DMatch 000002CC90490D70>,< cv2.DMatch 000002CC90490D90>,158
< cv2.DMatch 000002CC90490DB0>,< cv2.DMatch 000002CC90490DD0>,44
< cv2.DMatch 000002CC90490DF0>,< cv2.DMatch 000002CC90490E10>,298
< cv2.DMatch 000002CC90490E30>,< cv2.DMatch 000002CC90490E50>,869
< cv2.DMatch 000002CC90490E70>,< cv2.DMatch 000002CC90490E90>,243
< cv2.DMatch 000002CC90490EB0>,< cv2.DMatch 000002CC90490ED0>,28
< cv2.DMatch 000002CC90490EF0>,< cv2.DMatch 000002CC90490F10>,41
< cv2.DMatch 000002CC90490F30>,< cv2.DMatch 000002CC90490F50>,109
< cv2.DMatch 000002CC90490F70>,< cv2.DMatch 000002CC90490F90>,588
< cv2.DMatch 000002CC90490FB0>,< cv2.DMatch 000002CC90490FD0>,488
< cv2.DMatch 000002CC90490FF0>,< cv2.DMatch 000002CC90491010>,57
< cv2.DMatch 000002CC90491030>,< cv2.DMatch 000002CC90491050>,806
< cv2.DMatch 000002CC90491070>,< cv2.DMatch 000002CC90491090>,298
< cv2.DMatch 000002CC904910B0>,< cv2.DMatch 000002CC904910D0>,603
< cv2.DMatch 000002CC904910F0>,< cv2.DMatch 000002CC90491110>,429
< cv2.DMatch 000002CC90491130>,< cv2.DMatch 000002CC90491150>,40
< cv2.DMatch 000002CC90491170>,< cv2.DMatch 000002CC90491190>,165
< cv2.DMatch 000002CC904911B0>,< cv2.DMatch 000002CC904911D0>,105
< cv2.DMatch 000002CC904911F0>,< cv2.DMatch 000002CC90491210>,633
< cv2.DMatch 000002CC90491230>,< cv2.DMatch 000002CC90491250>,8
< cv2.DMatch 000002CC90491270>,< cv2.DMatch 000002CC90491290>,256
< cv2.DMatch 000002CC904912B0>,< cv2.DMatch 000002CC904912D0>,308
< cv2.DMatch 000002CC904912F0>,< cv2.DMatch 000002CC90491310>,363
< cv2.DMatch 000002CC90491330>,< cv2.DMatch 000002CC90491350>,88
< cv2.DMatch 000002CC90491370>,< cv2.DMatch 000002CC90491390>,64
< cv2.DMatch 000002CC904913B0>,< cv2.DMatch 000002CC904913D0>,971
< cv2.DMatch 000002CC904913F0>,< cv2.DMatch 000002CC90491410>,971
< cv2.DMatch 000002CC90491430>,< cv2.DMatch 000002CC90491450>,653
< cv2.DMatch 000002CC90491470>,< cv2.DMatch 000002CC90491490>,38
< cv2.DMatch 000002CC904914B0>,< cv2.DMatch 000002CC904914D0>,55
< cv2.DMatch 000002CC904914F0>,< cv2.DMatch 000002CC90491510>,178
< cv2.DMatch 000002CC90491530>,< cv2.DMatch 000002CC90491550>,237
< cv2.DMatch 000002CC90491570>,< cv2.DMatch 000002CC90491590>,10
< cv2.DMatch 000002CC904915B0>,< cv2.DMatch 000002CC904915D0>,421
< cv2.DMatch 000002CC904915F0>,< cv2.DMatch 000002CC90491610>,687
< cv2.DMatch 000002CC90491630>,< cv2.DMatch 000002CC90491650>,377
< cv2.DMatch 000002CC90491670>,< cv2.DMatch 000002CC90491690>,105
< cv2.DMatch 000002CC904916B0>,< cv2.DMatch 000002CC904916D0>,448
< cv2.DMatch 000002CC904916F0>,< cv2.DMatch 000002CC90491710>,129
< cv2.DMatch 000002CC90491730>,< cv2.DMatch 000002CC90491750>,456
< cv2.DMatch 000002CC90491770>,< cv2.DMatch 000002CC90491790>,184
< cv2.DMatch 000002CC904917B0>,< cv2.DMatch 000002CC904917D0>,26
< cv2.DMatch 000002CC904917F0>,< cv2.DMatch 000002CC90491810>,287
< cv2.DMatch 000002CC90491830>,< cv2.DMatch 000002CC90491850>,662
< cv2.DMatch 000002CC90491870>,< cv2.DMatch 000002CC90491890>,26
< cv2.DMatch 000002CC904918B0>,< cv2.DMatch 000002CC904918D0>,64
< cv2.DMatch 000002CC904918F0>,< cv2.DMatch 000002CC90491910>,699
< cv2.DMatch 000002CC90491930>,< cv2.DMatch 000002CC90491950>,197
< cv2.DMatch 000002CC90491970>,< cv2.DMatch 000002CC90491990>,850
< cv2.DMatch 000002CC904919B0>,< cv2.DMatch 000002CC904919D0>,213
< cv2.DMatch 000002CC904919F0>,< cv2.DMatch 000002CC90491A10>,723
< cv2.DMatch 000002CC90491A30>,< cv2.DMatch 000002CC90491A50>,23
< cv2.DMatch 000002CC90491A70>,< cv2.DMatch 000002CC90491A90>,579
< cv2.DMatch 000002CC90491AB0>,< cv2.DMatch 000002CC90491AD0>,789
< cv2.DMatch 000002CC90491AF0>,< cv2.DMatch 000002CC90491B10>,72
< cv2.DMatch 000002CC90491B30>,< cv2.DMatch 000002CC90491B50>,13
< cv2.DMatch 000002CC90491B70>,< cv2.DMatch 000002CC90491B90>,531
< cv2.DMatch 000002CC90491BB0>,< cv2.DMatch 000002CC90491BD0>,164
< cv2.DMatch 000002CC90491BF0>,< cv2.DMatch 000002CC90491C10>,891
< cv2.DMatch 000002CC90491C30>,< cv2.DMatch 000002CC90491C50>,99
< cv2.DMatch 000002CC90491C70>,< cv2.DMatch 000002CC90491C90>,531
< cv2.DMatch 000002CC90491CB0>,< cv2.DMatch 000002CC90491CD0>,776
< cv2.DMatch 000002CC90491CF0>,< cv2.DMatch 000002CC90491D10>,520
< cv2.DMatch 000002CC90491D30>,< cv2.DMatch 000002CC90491D50>,526
< cv2.DMatch 000002CC90491D70>,< cv2.DMatch 000002CC90491D90>,894
< cv2.DMatch 000002CC90491DB0>,< cv2.DMatch 000002CC90491DD0>,73
< cv2.DMatch 000002CC90491DF0>,< cv2.DMatch 000002CC90491E10>,479
< cv2.DMatch 000002CC90491E30>,< cv2.DMatch 000002CC90491E50>,209
< cv2.DMatch 000002CC90491E70>,< cv2.DMatch 000002CC90491E90>,113
< cv2.DMatch 000002CC90491EB0>,< cv2.DMatch 000002CC90491ED0>,849
< cv2.DMatch 000002CC90491EF0>,< cv2.DMatch 000002CC90491F10>,1365
< cv2.DMatch 000002CC90491F30>,< cv2.DMatch 000002CC90491F50>,25
< cv2.DMatch 000002CC90491F70>,< cv2.DMatch 000002CC90491F90>,277
< cv2.DMatch 000002CC90491FB0>,< cv2.DMatch 000002CC90491FD0>,170
< cv2.DMatch 000002CC90491FF0>,< cv2.DMatch 000002CC90492010>,357
< cv2.DMatch 000002CC90492030>,< cv2.DMatch 000002CC90492050>,283
< cv2.DMatch 000002CC90492070>,< cv2.DMatch 000002CC90492090>,1030
< cv2.DMatch 000002CC904920B0>,< cv2.DMatch 000002CC904920D0>,638
< cv2.DMatch 000002CC904920F0>,< cv2.DMatch 000002CC90492110>,104
< cv2.DMatch 000002CC90492130>,< cv2.DMatch 000002CC90492150>,106
< cv2.DMatch 000002CC90492170>,< cv2.DMatch 000002CC90492190>,920
< cv2.DMatch 000002CC904921B0>,< cv2.DMatch 000002CC904921D0>,718
< cv2.DMatch 000002CC904921F0>,< cv2.DMatch 000002CC90492210>,122
< cv2.DMatch 000002CC90492230>,< cv2.DMatch 000002CC90492250>,587
< cv2.DMatch 000002CC90492270>,< cv2.DMatch 000002CC90492290>,390
< cv2.DMatch 000002CC904922B0>,< cv2.DMatch 000002CC904922D0>,718
< cv2.DMatch 000002CC904922F0>,< cv2.DMatch 000002CC90492310>,192
< cv2.DMatch 000002CC90492330>,< cv2.DMatch 000002CC90492350>,395
< cv2.DMatch 000002CC90492370>,< cv2.DMatch 000002CC90492390>,494
< cv2.DMatch 000002CC904923B0>,< cv2.DMatch 000002CC904923D0>,738
< cv2.DMatch 000002CC904923F0>,< cv2.DMatch 000002CC90492410>,342
< cv2.DMatch 000002CC90492430>,< cv2.DMatch 000002CC90492450>,575
< cv2.DMatch 000002CC90492470>,< cv2.DMatch 000002CC90492490>,866
< cv2.DMatch 000002CC904924B0>,< cv2.DMatch 000002CC904924D0>,1010
< cv2.DMatch 000002CC904924F0>,< cv2.DMatch 000002CC90492510>,117
< cv2.DMatch 000002CC90492530>,< cv2.DMatch 000002CC90492550>,227
< cv2.DMatch 000002CC90492570>,< cv2.DMatch 000002CC90492590>,893
< cv2.DMatch 000002CC904925B0>,< cv2.DMatch 000002CC904925D0>,14
< cv2.DMatch 000002CC904925F0>,< cv2.DMatch 000002CC90492610>,598
< cv2.DMatch 000002CC90492630>,< cv2.DMatch 000002CC90492650>,179
< cv2.DMatch 000002CC90492670>,< cv2.DMatch 000002CC90492690>,63
< cv2.DMatch 000002CC904926B0>,< cv2.DMatch 000002CC904926D0>,191
< cv2.DMatch 000002CC904926F0>,< cv2.DMatch 000002CC90492710>,198
< cv2.DMatch 000002CC90492730>,< cv2.DMatch 000002CC90492750>,194
< cv2.DMatch 000002CC90492770>,< cv2.DMatch 000002CC90492790>,215
< cv2.DMatch 000002CC904927B0>,< cv2.DMatch 000002CC904927D0>,661
< cv2.DMatch 000002CC904927F0>,< cv2.DMatch 000002CC90492810>,919
< cv2.DMatch 000002CC90492830>,< cv2.DMatch 000002CC90492850>,251
< cv2.DMatch 000002CC90492870>,< cv2.DMatch 000002CC90492890>,632
< cv2.DMatch 000002CC904928B0>,< cv2.DMatch 000002CC904928D0>,649
< cv2.DMatch 000002CC904928F0>,< cv2.DMatch 000002CC90492910>,749
< cv2.DMatch 000002CC90492930>,< cv2.DMatch 000002CC90492950>,338
< cv2.DMatch 000002CC90492970>,< cv2.DMatch 000002CC90492990>,37
< cv2.DMatch 000002CC904929B0>,< cv2.DMatch 000002CC904929D0>,180
< cv2.DMatch 000002CC904929F0>,< cv2.DMatch 000002CC90492A10>,119
< cv2.DMatch 000002CC90492A30>,< cv2.DMatch 000002CC90492A50>,432
< cv2.DMatch 000002CC90492A70>,< cv2.DMatch 000002CC90492A90>,12
< cv2.DMatch 000002CC90492AB0>,< cv2.DMatch 000002CC90492AD0>,3
< cv2.DMatch 000002CC90492AF0>,< cv2.DMatch 000002CC90492B10>,781
< cv2.DMatch 000002CC90492B30>,< cv2.DMatch 000002CC90492B50>,144
< cv2.DMatch 000002CC90492B70>,< cv2.DMatch 000002CC90492B90>,249
< cv2.DMatch 000002CC90492BB0>,< cv2.DMatch 000002CC90492BD0>,271
< cv2.DMatch 000002CC90492BF0>,< cv2.DMatch 000002CC90492C10>,916
< cv2.DMatch 000002CC90492C30>,< cv2.DMatch 000002CC90492C50>,681
< cv2.DMatch 000002CC90492C70>,< cv2.DMatch 000002CC90492C90>,15
< cv2.DMatch 000002CC90492CB0>,< cv2.DMatch 000002CC90492CD0>,313
< cv2.DMatch 000002CC90492CF0>,< cv2.DMatch 000002CC90492D10>,578
< cv2.DMatch 000002CC90492D30>,< cv2.DMatch 000002CC90492D50>,473
< cv2.DMatch 000002CC90492D70>,< cv2.DMatch 000002CC90492D90>,46
< cv2.DMatch 000002CC90492DB0>,< cv2.DMatch 000002CC90492DD0>,231
< cv2.DMatch 000002CC90492DF0>,< cv2.DMatch 000002CC90492E10>,46
< cv2.DMatch 000002CC90492E30>,< cv2.DMatch 000002CC90492E50>,60
< cv2.DMatch 000002CC90492E70>,< cv2.DMatch 000002CC90492E90>,960
< cv2.DMatch 000002CC90492EB0>,< cv2.DMatch 000002CC90492ED0>,46
< cv2.DMatch 000002CC90492EF0>,< cv2.DMatch 000002CC90492F10>,129
< cv2.DMatch 000002CC90492F30>,< cv2.DMatch 000002CC90492F50>,614
< cv2.DMatch 000002CC90492F70>,< cv2.DMatch 000002CC90492F90>,24
< cv2.DMatch 000002CC90492FB0>,< cv2.DMatch 000002CC90492FD0>,528
< cv2.DMatch 000002CC90492FF0>,< cv2.DMatch 000002CC90493010>,72
< cv2.DMatch 000002CC90493030>,< cv2.DMatch 000002CC90493050>,70
< cv2.DMatch 000002CC90493070>,< cv2.DMatch 000002CC90493090>,6
< cv2.DMatch 000002CC904930B0>,< cv2.DMatch 000002CC904930D0>,624
< cv2.DMatch 000002CC904930F0>,< cv2.DMatch 000002CC90493110>,551
< cv2.DMatch 000002CC90493130>,< cv2.DMatch 000002CC90493150>,592
< cv2.DMatch 000002CC90493170>,< cv2.DMatch 000002CC90493190>,1013
< cv2.DMatch 000002CC904931B0>,< cv2.DMatch 000002CC904931D0>,278
< cv2.DMatch 000002CC904931F0>,< cv2.DMatch 000002CC90493210>,1
< cv2.DMatch 000002CC90493230>,< cv2.DMatch 000002CC90493250>,2
< cv2.DMatch 000002CC90493270>,< cv2.DMatch 000002CC90493290>,816
< cv2.DMatch 000002CC904932B0>,< cv2.DMatch 000002CC904932D0>,10
< cv2.DMatch 000002CC904932F0>,< cv2.DMatch 000002CC90493310>,168
< cv2.DMatch 000002CC90493330>,< cv2.DMatch 000002CC90493350>,72
< cv2.DMatch 000002CC90493370>,< cv2.DMatch 000002CC90493390>,524
< cv2.DMatch 000002CC904933B0>,< cv2.DMatch 000002CC904933D0>,1388
< cv2.DMatch 000002CC904933F0>,< cv2.DMatch 000002CC90493410>,37
< cv2.DMatch 000002CC90493430>,< cv2.DMatch 000002CC90493450>,130
< cv2.DMatch 000002CC90493470>,< cv2.DMatch 000002CC90493490>,24
< cv2.DMatch 000002CC904934B0>,< cv2.DMatch 000002CC904934D0>,848
< cv2.DMatch 000002CC904934F0>,< cv2.DMatch 000002CC90493510>,506
< cv2.DMatch 000002CC90493530>,< cv2.DMatch 000002CC90493550>,34
< cv2.DMatch 000002CC90493570>,< cv2.DMatch 000002CC90493590>,1312
< cv2.DMatch 000002CC904935B0>,< cv2.DMatch 000002CC904935D0>,234
< cv2.DMatch 000002CC904935F0>,< cv2.DMatch 000002CC90493610>,74
< cv2.DMatch 000002CC90493630>,< cv2.DMatch 000002CC90493650>,200
< cv2.DMatch 000002CC90493670>,< cv2.DMatch 000002CC90493690>,251
< cv2.DMatch 000002CC904936B0>,< cv2.DMatch 000002CC904936D0>,129
< cv2.DMatch 000002CC904936F0>,< cv2.DMatch 000002CC90493710>,522
< cv2.DMatch 000002CC90493730>,< cv2.DMatch 000002CC90493750>,190
< cv2.DMatch 000002CC90493770>,< cv2.DMatch 000002CC90493790>,1402
< cv2.DMatch 000002CC904937B0>,< cv2.DMatch 000002CC904937D0>,144
< cv2.DMatch 000002CC904937F0>,< cv2.DMatch 000002CC90493810>,743
< cv2.DMatch 000002CC90493830>,< cv2.DMatch 000002CC90493850>,578
< cv2.DMatch 000002CC90493870>,< cv2.DMatch 000002CC90493890>,528
< cv2.DMatch 000002CC904938B0>,< cv2.DMatch 000002CC904938D0>,576
< cv2.DMatch 000002CC904938F0>,< cv2.DMatch 000002CC90493910>,1033
< cv2.DMatch 000002CC90493930>,< cv2.DMatch 000002CC90493950>,565
< cv2.DMatch 000002CC90493970>,< cv2.DMatch 000002CC90493990>,369
< cv2.DMatch 000002CC904939B0>,< cv2.DMatch 000002CC904939D0>,410
< cv2.DMatch 000002CC904939F0>,< cv2.DMatch 000002CC90493A10>,231
< cv2.DMatch 000002CC90493A30>,< cv2.DMatch 000002CC90493A50>,165
< cv2.DMatch 000002CC90493A70>,< cv2.DMatch 000002CC90493A90>,594
< cv2.DMatch 000002CC90493AB0>,< cv2.DMatch 000002CC90493AD0>,1328
< cv2.DMatch 000002CC90493AF0>,< cv2.DMatch 000002CC90493B10>,236
< cv2.DMatch 000002CC90493B30>,< cv2.DMatch 000002CC90493B50>,649
< cv2.DMatch 000002CC90493B70>,< cv2.DMatch 000002CC90493B90>,331
< cv2.DMatch 000002CC90493BB0>,< cv2.DMatch 000002CC90493BD0>,368
< cv2.DMatch 000002CC90493BF0>,< cv2.DMatch 000002CC90493C10>,97
< cv2.DMatch 000002CC90493C30>,< cv2.DMatch 000002CC90493C50>,13
< cv2.DMatch 000002CC90493C70>,< cv2.DMatch 000002CC90493C90>,22
< cv2.DMatch 000002CC90493CB0>,< cv2.DMatch 000002CC90493CD0>,908
< cv2.DMatch 000002CC90493CF0>,< cv2.DMatch 000002CC90493D10>,465
< cv2.DMatch 000002CC90493D30>,< cv2.DMatch 000002CC90493D50>,985
< cv2.DMatch 000002CC90493D70>,< cv2.DMatch 000002CC90493D90>,228
< cv2.DMatch 000002CC90493DB0>,< cv2.DMatch 000002CC90493DD0>,271
< cv2.DMatch 000002CC90493DF0>,< cv2.DMatch 000002CC90493E10>,950
< cv2.DMatch 000002CC90493E30>,< cv2.DMatch 000002CC90493E50>,434
< cv2.DMatch 000002CC90493E70>,< cv2.DMatch 000002CC90493E90>,775
< cv2.DMatch 000002CC90493EB0>,< cv2.DMatch 000002CC90493ED0>,144
< cv2.DMatch 000002CC90493EF0>,< cv2.DMatch 000002CC90493F10>,275
< cv2.DMatch 000002CC90493F30>,< cv2.DMatch 000002CC90493F50>,162
< cv2.DMatch 000002CC90493F70>,< cv2.DMatch 000002CC90493F90>,60
< cv2.DMatch 000002CC90493FB0>,< cv2.DMatch 000002CC90493FD0>,640
< cv2.DMatch 000002CC90498030>,< cv2.DMatch 000002CC90498050>,210
< cv2.DMatch 000002CC90498070>,< cv2.DMatch 000002CC90498090>,160
< cv2.DMatch 000002CC904980B0>,< cv2.DMatch 000002CC904980D0>,953
< cv2.DMatch 000002CC904980F0>,< cv2.DMatch 000002CC90498110>,1064
< cv2.DMatch 000002CC90498130>,< cv2.DMatch 000002CC90498150>,14
< cv2.DMatch 000002CC90498170>,< cv2.DMatch 000002CC90498190>,128
< cv2.DMatch 000002CC904981B0>,< cv2.DMatch 000002CC904981D0>,69
< cv2.DMatch 000002CC904981F0>,< cv2.DMatch 000002CC90498210>,708
< cv2.DMatch 000002CC90498230>,< cv2.DMatch 000002CC90498250>,197
< cv2.DMatch 000002CC90498270>,< cv2.DMatch 000002CC90498290>,217
< cv2.DMatch 000002CC904982B0>,< cv2.DMatch 000002CC904982D0>,213
< cv2.DMatch 000002CC904982F0>,< cv2.DMatch 000002CC90498310>,133
< cv2.DMatch 000002CC90498330>,< cv2.DMatch 000002CC90498350>,252
< cv2.DMatch 000002CC90498370>,< cv2.DMatch 000002CC90498390>,500
< cv2.DMatch 000002CC904983B0>,< cv2.DMatch 000002CC904983D0>,218
< cv2.DMatch 000002CC904983F0>,< cv2.DMatch 000002CC90498410>,9
< cv2.DMatch 000002CC90498430>,< cv2.DMatch 000002CC90498450>,450
< cv2.DMatch 000002CC90498470>,< cv2.DMatch 000002CC90498490>,127
< cv2.DMatch 000002CC904984B0>,< cv2.DMatch 000002CC904984D0>,170
< cv2.DMatch 000002CC904984F0>,< cv2.DMatch 000002CC90498510>,14
< cv2.DMatch 000002CC90498530>,< cv2.DMatch 000002CC90498550>,515
< cv2.DMatch 000002CC90498570>,< cv2.DMatch 000002CC90498590>,704
< cv2.DMatch 000002CC904985B0>,< cv2.DMatch 000002CC904985D0>,1123
< cv2.DMatch 000002CC904985F0>,< cv2.DMatch 000002CC90498610>,238
< cv2.DMatch 000002CC90498630>,< cv2.DMatch 000002CC90498650>,111
< cv2.DMatch 000002CC90498670>,< cv2.DMatch 000002CC90498690>,540
< cv2.DMatch 000002CC904986B0>,< cv2.DMatch 000002CC904986D0>,149
< cv2.DMatch 000002CC904986F0>,< cv2.DMatch 000002CC90498710>,14
< cv2.DMatch 000002CC90498730>,< cv2.DMatch 000002CC90498750>,316
< cv2.DMatch 000002CC90498770>,< cv2.DMatch 000002CC90498790>,861
< cv2.DMatch 000002CC904987B0>,< cv2.DMatch 000002CC904987D0>,303
< cv2.DMatch 000002CC904987F0>,< cv2.DMatch 000002CC90498810>,416
< cv2.DMatch 000002CC90498830>,< cv2.DMatch 000002CC90498850>,1099
< cv2.DMatch 000002CC90498870>,< cv2.DMatch 000002CC90498890>,127
< cv2.DMatch 000002CC904988B0>,< cv2.DMatch 000002CC904988D0>,22
< cv2.DMatch 000002CC904988F0>,< cv2.DMatch 000002CC90498910>,919
< cv2.DMatch 000002CC90498930>,< cv2.DMatch 000002CC90498950>,147
< cv2.DMatch 000002CC90498970>,< cv2.DMatch 000002CC90498990>,278
< cv2.DMatch 000002CC904989B0>,< cv2.DMatch 000002CC904989D0>,984
< cv2.DMatch 000002CC904989F0>,< cv2.DMatch 000002CC90498A10>,822
< cv2.DMatch 000002CC90498A30>,< cv2.DMatch 000002CC90498A50>,37
< cv2.DMatch 000002CC90498A70>,< cv2.DMatch 000002CC90498A90>,35
< cv2.DMatch 000002CC90498AB0>,< cv2.DMatch 000002CC90498AD0>,923
< cv2.DMatch 000002CC90498AF0>,< cv2.DMatch 000002CC90498B10>,959
< cv2.DMatch 000002CC90498B30>,< cv2.DMatch 000002CC90498B50>,213
< cv2.DMatch 000002CC90498B70>,< cv2.DMatch 000002CC90498B90>,698
< cv2.DMatch 000002CC90498BB0>,< cv2.DMatch 000002CC90498BD0>,618
< cv2.DMatch 000002CC90498BF0>,< cv2.DMatch 000002CC90498C10>,230
< cv2.DMatch 000002CC90498C30>,< cv2.DMatch 000002CC90498C50>,1136
< cv2.DMatch 000002CC90498C70>,< cv2.DMatch 000002CC90498C90>,883
< cv2.DMatch 000002CC90498CB0>,< cv2.DMatch 000002CC90498CD0>,562
< cv2.DMatch 000002CC90498CF0>,< cv2.DMatch 000002CC90498D10>,337
< cv2.DMatch 000002CC90498D30>,< cv2.DMatch 000002CC90498D50>,485
< cv2.DMatch 000002CC90498D70>,< cv2.DMatch 000002CC90498D90>,326
< cv2.DMatch 000002CC90498DB0>,< cv2.DMatch 000002CC90498DD0>,993
< cv2.DMatch 000002CC90498DF0>,< cv2.DMatch 000002CC90498E10>,943
< cv2.DMatch 000002CC90498E30>,< cv2.DMatch 000002CC90498E50>,851
< cv2.DMatch 000002CC90498E70>,< cv2.DMatch 000002CC90498E90>,727
< cv2.DMatch 000002CC90498EB0>,< cv2.DMatch 000002CC90498ED0>,457
< cv2.DMatch 000002CC90498EF0>,< cv2.DMatch 000002CC90498F10>,463
< cv2.DMatch 000002CC90498F30>,< cv2.DMatch 000002CC90498F50>,751
< cv2.DMatch 000002CC90498F70>,< cv2.DMatch 000002CC90498F90>,24
< cv2.DMatch 000002CC90498FB0>,< cv2.DMatch 000002CC90498FD0>,758
< cv2.DMatch 000002CC90498FF0>,< cv2.DMatch 000002CC90499010>,621
< cv2.DMatch 000002CC90499030>,< cv2.DMatch 000002CC90499050>,223
< cv2.DMatch 000002CC90499070>,< cv2.DMatch 000002CC90499090>,7
< cv2.DMatch 000002CC904990B0>,< cv2.DMatch 000002CC904990D0>,28
< cv2.DMatch 000002CC904990F0>,< cv2.DMatch 000002CC90499110>,734
< cv2.DMatch 000002CC90499130>,< cv2.DMatch 000002CC90499150>,296
< cv2.DMatch 000002CC90499170>,< cv2.DMatch 000002CC90499190>,878
< cv2.DMatch 000002CC904991B0>,< cv2.DMatch 000002CC904991D0>,720
< cv2.DMatch 000002CC904991F0>,< cv2.DMatch 000002CC90499210>,683
< cv2.DMatch 000002CC90499230>,< cv2.DMatch 000002CC90499250>,194
< cv2.DMatch 000002CC90499270>,< cv2.DMatch 000002CC90499290>,1111
< cv2.DMatch 000002CC904992B0>,< cv2.DMatch 000002CC904992D0>,1111
< cv2.DMatch 000002CC904992F0>,< cv2.DMatch 000002CC90499310>,322
< cv2.DMatch 000002CC90499330>,< cv2.DMatch 000002CC90499350>,1069
< cv2.DMatch 000002CC90499370>,< cv2.DMatch 000002CC90499390>,37
< cv2.DMatch 000002CC904993B0>,< cv2.DMatch 000002CC904993D0>,513
< cv2.DMatch 000002CC904993F0>,< cv2.DMatch 000002CC90499410>,180
< cv2.DMatch 000002CC90499430>,< cv2.DMatch 000002CC90499450>,31
< cv2.DMatch 000002CC90499470>,< cv2.DMatch 000002CC90499490>,1015
< cv2.DMatch 000002CC904994B0>,< cv2.DMatch 000002CC904994D0>,1084
< cv2.DMatch 000002CC904994F0>,< cv2.DMatch 000002CC90499510>,337
< cv2.DMatch 000002CC90499530>,< cv2.DMatch 000002CC90499550>,331
< cv2.DMatch 000002CC90499570>,< cv2.DMatch 000002CC90499590>,218
< cv2.DMatch 000002CC904995B0>,< cv2.DMatch 000002CC904995D0>,52
< cv2.DMatch 000002CC904995F0>,< cv2.DMatch 000002CC90499610>,457
< cv2.DMatch 000002CC90499630>,< cv2.DMatch 000002CC90499650>,781
< cv2.DMatch 000002CC90499670>,< cv2.DMatch 000002CC90499690>,351
< cv2.DMatch 000002CC904996B0>,< cv2.DMatch 000002CC904996D0>,143
< cv2.DMatch 000002CC904996F0>,< cv2.DMatch 000002CC90499710>,665
< cv2.DMatch 000002CC90499730>,< cv2.DMatch 000002CC90499750>,383
< cv2.DMatch 000002CC90499770>,< cv2.DMatch 000002CC90499790>,420
< cv2.DMatch 000002CC904997B0>,< cv2.DMatch 000002CC904997D0>,265
< cv2.DMatch 000002CC904997F0>,< cv2.DMatch 000002CC90499810>,515
< cv2.DMatch 000002CC90499830>,< cv2.DMatch 000002CC90499850>,13
< cv2.DMatch 000002CC90499870>,< cv2.DMatch 000002CC90499890>,216
< cv2.DMatch 000002CC904998B0>,< cv2.DMatch 000002CC904998D0>,950
< cv2.DMatch 000002CC904998F0>,< cv2.DMatch 000002CC90499910>,31
< cv2.DMatch 000002CC90499930>,< cv2.DMatch 000002CC90499950>,1098
< cv2.DMatch 000002CC90499970>,< cv2.DMatch 000002CC90499990>,1292
< cv2.DMatch 000002CC904999B0>,< cv2.DMatch 000002CC904999D0>,16
< cv2.DMatch 000002CC904999F0>,< cv2.DMatch 000002CC90499A10>,426
< cv2.DMatch 000002CC90499A30>,< cv2.DMatch 000002CC90499A50>,498
< cv2.DMatch 000002CC90499A70>,< cv2.DMatch 000002CC90499A90>,632
< cv2.DMatch 000002CC90499AB0>,< cv2.DMatch 000002CC90499AD0>,896
< cv2.DMatch 000002CC90499AF0>,< cv2.DMatch 000002CC90499B10>,5
< cv2.DMatch 000002CC90499B30>,< cv2.DMatch 000002CC90499B50>,616
< cv2.DMatch 000002CC90499B70>,< cv2.DMatch 000002CC90499B90>,38
< cv2.DMatch 000002CC90499BB0>,< cv2.DMatch 000002CC90499BD0>,835
< cv2.DMatch 000002CC90499BF0>,< cv2.DMatch 000002CC90499C10>,46
< cv2.DMatch 000002CC90499C30>,< cv2.DMatch 000002CC90499C50>,137
< cv2.DMatch 000002CC90499C70>,< cv2.DMatch 000002CC90499C90>,119
< cv2.DMatch 000002CC90499CB0>,< cv2.DMatch 000002CC90499CD0>,204
< cv2.DMatch 000002CC90499CF0>,< cv2.DMatch 000002CC90499D10>,316
< cv2.DMatch 000002CC90499D30>,< cv2.DMatch 000002CC90499D50>,200
< cv2.DMatch 000002CC90499D70>,< cv2.DMatch 000002CC90499D90>,1060
< cv2.DMatch 000002CC90499DB0>,< cv2.DMatch 000002CC90499DD0>,298
< cv2.DMatch 000002CC90499DF0>,< cv2.DMatch 000002CC90499E10>,617
< cv2.DMatch 000002CC90499E30>,< cv2.DMatch 000002CC90499E50>,227
< cv2.DMatch 000002CC90499E70>,< cv2.DMatch 000002CC90499E90>,372
< cv2.DMatch 000002CC90499EB0>,< cv2.DMatch 000002CC90499ED0>,310
< cv2.DMatch 000002CC90499EF0>,< cv2.DMatch 000002CC90499F10>,405
< cv2.DMatch 000002CC90499F30>,< cv2.DMatch 000002CC90499F50>,259
< cv2.DMatch 000002CC90499F70>,< cv2.DMatch 000002CC90499F90>,14
< cv2.DMatch 000002CC90499FB0>,< cv2.DMatch 000002CC90499FD0>,9
< cv2.DMatch 000002CC90499FF0>,< cv2.DMatch 000002CC9049A010>,539
< cv2.DMatch 000002CC9049A030>,< cv2.DMatch 000002CC9049A050>,141
< cv2.DMatch 000002CC9049A070>,< cv2.DMatch 000002CC9049A090>,345
< cv2.DMatch 000002CC9049A0B0>,< cv2.DMatch 000002CC9049A0D0>,371
< cv2.DMatch 000002CC9049A0F0>,< cv2.DMatch 000002CC9049A110>,308
< cv2.DMatch 000002CC9049A130>,< cv2.DMatch 000002CC9049A150>,161
< cv2.DMatch 000002CC9049A170>,< cv2.DMatch 000002CC9049A190>,1054
< cv2.DMatch 000002CC9049A1B0>,< cv2.DMatch 000002CC9049A1D0>,291
< cv2.DMatch 000002CC9049A1F0>,< cv2.DMatch 000002CC9049A210>,75
< cv2.DMatch 000002CC9049A230>,< cv2.DMatch 000002CC9049A250>,795
< cv2.DMatch 000002CC9049A270>,< cv2.DMatch 000002CC9049A290>,211
< cv2.DMatch 000002CC9049A2B0>,< cv2.DMatch 000002CC9049A2D0>,1202
< cv2.DMatch 000002CC9049A2F0>,< cv2.DMatch 000002CC9049A310>,916
< cv2.DMatch 000002CC9049A330>,< cv2.DMatch 000002CC9049A350>,3
< cv2.DMatch 000002CC9049A370>,< cv2.DMatch 000002CC9049A390>,1132
< cv2.DMatch 000002CC9049A3B0>,< cv2.DMatch 000002CC9049A3D0>,179
< cv2.DMatch 000002CC9049A3F0>,< cv2.DMatch 000002CC9049A410>,495
< cv2.DMatch 000002CC9049A430>,< cv2.DMatch 000002CC9049A450>,697
< cv2.DMatch 000002CC9049A470>,< cv2.DMatch 000002CC9049A490>,262
< cv2.DMatch 000002CC9049A4B0>,< cv2.DMatch 000002CC9049A4D0>,474
< cv2.DMatch 000002CC9049A4F0>,< cv2.DMatch 000002CC9049A510>,31
< cv2.DMatch 000002CC9049A530>,< cv2.DMatch 000002CC9049A550>,1036
< cv2.DMatch 000002CC9049A570>,< cv2.DMatch 000002CC9049A590>,99
< cv2.DMatch 000002CC9049A5B0>,< cv2.DMatch 000002CC9049A5D0>,262
< cv2.DMatch 000002CC9049A5F0>,< cv2.DMatch 000002CC9049A610>,1151
< cv2.DMatch 000002CC9049A630>,< cv2.DMatch 000002CC9049A650>,1175
< cv2.DMatch 000002CC9049A670>,< cv2.DMatch 000002CC9049A690>,694
< cv2.DMatch 000002CC9049A6B0>,< cv2.DMatch 000002CC9049A6D0>,238
< cv2.DMatch 000002CC9049A6F0>,< cv2.DMatch 000002CC9049A710>,53
< cv2.DMatch 000002CC9049A730>,< cv2.DMatch 000002CC9049A750>,164
< cv2.DMatch 000002CC9049A770>,< cv2.DMatch 000002CC9049A790>,270
< cv2.DMatch 000002CC9049A7B0>,< cv2.DMatch 000002CC9049A7D0>,688
< cv2.DMatch 000002CC9049A7F0>,< cv2.DMatch 000002CC9049A810>,672
< cv2.DMatch 000002CC9049A830>,< cv2.DMatch 000002CC9049A850>,4
< cv2.DMatch 000002CC9049A870>,< cv2.DMatch 000002CC9049A890>,851
< cv2.DMatch 000002CC9049A8B0>,< cv2.DMatch 000002CC9049A8D0>,478
< cv2.DMatch 000002CC9049A8F0>,< cv2.DMatch 000002CC9049A910>,297
< cv2.DMatch 000002CC9049A930>,< cv2.DMatch 000002CC9049A950>,1
< cv2.DMatch 000002CC9049A970>,< cv2.DMatch 000002CC9049A990>,299
< cv2.DMatch 000002CC9049A9B0>,< cv2.DMatch 000002CC9049A9D0>,1005
< cv2.DMatch 000002CC9049A9F0>,< cv2.DMatch 000002CC9049AA10>,28
< cv2.DMatch 000002CC9049AA30>,< cv2.DMatch 000002CC9049AA50>,78
< cv2.DMatch 000002CC9049AA70>,< cv2.DMatch 000002CC9049AA90>,287
< cv2.DMatch 000002CC9049AAB0>,< cv2.DMatch 000002CC9049AAD0>,764
< cv2.DMatch 000002CC9049AAF0>,< cv2.DMatch 000002CC9049AB10>,667
< cv2.DMatch 000002CC9049AB30>,< cv2.DMatch 000002CC9049AB50>,346
< cv2.DMatch 000002CC9049AB70>,< cv2.DMatch 000002CC9049AB90>,659
< cv2.DMatch 000002CC9049ABB0>,< cv2.DMatch 000002CC9049ABD0>,213
< cv2.DMatch 000002CC9049ABF0>,< cv2.DMatch 000002CC9049AC10>,834
< cv2.DMatch 000002CC9049AC30>,< cv2.DMatch 000002CC9049AC50>,477
< cv2.DMatch 000002CC9049AC70>,< cv2.DMatch 000002CC9049AC90>,221
< cv2.DMatch 000002CC9049ACB0>,< cv2.DMatch 000002CC9049ACD0>,1065
< cv2.DMatch 000002CC9049ACF0>,< cv2.DMatch 000002CC9049AD10>,674
< cv2.DMatch 000002CC9049AD30>,< cv2.DMatch 000002CC9049AD50>,914
< cv2.DMatch 000002CC9049AD70>,< cv2.DMatch 000002CC9049AD90>,829
< cv2.DMatch 000002CC9049ADB0>,< cv2.DMatch 000002CC9049ADD0>,848
< cv2.DMatch 000002CC9049ADF0>,< cv2.DMatch 000002CC9049AE10>,51
< cv2.DMatch 000002CC9049AE30>,< cv2.DMatch 000002CC9049AE50>,283
< cv2.DMatch 000002CC9049AE70>,< cv2.DMatch 000002CC9049AE90>,887
< cv2.DMatch 000002CC9049AEB0>,< cv2.DMatch 000002CC9049AED0>,1200
< cv2.DMatch 000002CC9049AEF0>,< cv2.DMatch 000002CC9049AF10>,731
< cv2.DMatch 000002CC9049AF30>,< cv2.DMatch 000002CC9049AF50>,1231
< cv2.DMatch 000002CC9049AF70>,< cv2.DMatch 000002CC9049AF90>,1171
< cv2.DMatch 000002CC9049AFB0>,< cv2.DMatch 000002CC9049AFD0>,4
< cv2.DMatch 000002CC9049AFF0>,< cv2.DMatch 000002CC9049B010>,930
< cv2.DMatch 000002CC9049B030>,< cv2.DMatch 000002CC9049B050>,1146
< cv2.DMatch 000002CC9049B070>,< cv2.DMatch 000002CC9049B090>,352
< cv2.DMatch 000002CC9049B0B0>,< cv2.DMatch 000002CC9049B0D0>,725
< cv2.DMatch 000002CC9049B0F0>,< cv2.DMatch 000002CC9049B110>,609
< cv2.DMatch 000002CC9049B130>,< cv2.DMatch 000002CC9049B150>,622
< cv2.DMatch 000002CC9049B170>,< cv2.DMatch 000002CC9049B190>,1109
< cv2.DMatch 000002CC9049B1B0>,< cv2.DMatch 000002CC9049B1D0>,1017
< cv2.DMatch 000002CC9049B1F0>,< cv2.DMatch 000002CC9049B210>,1172
< cv2.DMatch 000002CC9049B230>,< cv2.DMatch 000002CC9049B250>,42
< cv2.DMatch 000002CC9049B270>,< cv2.DMatch 000002CC9049B290>,222
< cv2.DMatch 000002CC9049B2B0>,< cv2.DMatch 000002CC9049B2D0>,26
< cv2.DMatch 000002CC9049B2F0>,< cv2.DMatch 000002CC9049B310>,806
< cv2.DMatch 000002CC9049B330>,< cv2.DMatch 000002CC9049B350>,109
< cv2.DMatch 000002CC9049B370>,< cv2.DMatch 000002CC9049B390>,42
< cv2.DMatch 000002CC9049B3B0>,< cv2.DMatch 000002CC9049B3D0>,1026
< cv2.DMatch 000002CC9049B3F0>,< cv2.DMatch 000002CC9049B410>,61
< cv2.DMatch 000002CC9049B430>,< cv2.DMatch 000002CC9049B450>,296
< cv2.DMatch 000002CC9049B470>,< cv2.DMatch 000002CC9049B490>,1
< cv2.DMatch 000002CC9049B4B0>,< cv2.DMatch 000002CC9049B4D0>,809
< cv2.DMatch 000002CC9049B4F0>,< cv2.DMatch 000002CC9049B510>,41
< cv2.DMatch 000002CC9049B530>,< cv2.DMatch 000002CC9049B550>,1104
< cv2.DMatch 000002CC9049B570>,< cv2.DMatch 000002CC9049B590>,869
< cv2.DMatch 000002CC9049B5B0>,< cv2.DMatch 000002CC9049B5D0>,159
< cv2.DMatch 000002CC9049B5F0>,< cv2.DMatch 000002CC9049B610>,132
< cv2.DMatch 000002CC9049B630>,< cv2.DMatch 000002CC9049B650>,225
< cv2.DMatch 000002CC9049B670>,< cv2.DMatch 000002CC9049B690>,593
< cv2.DMatch 000002CC9049B6B0>,< cv2.DMatch 000002CC9049B6D0>,377
< cv2.DMatch 000002CC9049B6F0>,< cv2.DMatch 000002CC9049B710>,368
< cv2.DMatch 000002CC9049B730>,< cv2.DMatch 000002CC9049B750>,1312
< cv2.DMatch 000002CC9049B770>,< cv2.DMatch 000002CC9049B790>,1257
< cv2.DMatch 000002CC9049B7B0>,< cv2.DMatch 000002CC9049B7D0>,19
< cv2.DMatch 000002CC9049B7F0>,< cv2.DMatch 000002CC9049B810>,190
< cv2.DMatch 000002CC9049B830>,< cv2.DMatch 000002CC9049B850>,1066
< cv2.DMatch 000002CC9049B870>,< cv2.DMatch 000002CC9049B890>,824
< cv2.DMatch 000002CC9049B8B0>,< cv2.DMatch 000002CC9049B8D0>,125
< cv2.DMatch 000002CC9049B8F0>,< cv2.DMatch 000002CC9049B910>,22
< cv2.DMatch 000002CC9049B930>,< cv2.DMatch 000002CC9049B950>,808
< cv2.DMatch 000002CC9049B970>,< cv2.DMatch 000002CC9049B990>,26
< cv2.DMatch 000002CC9049B9B0>,< cv2.DMatch 000002CC9049B9D0>,61
< cv2.DMatch 000002CC9049B9F0>,< cv2.DMatch 000002CC9049BA10>,434
< cv2.DMatch 000002CC9049BA30>,< cv2.DMatch 000002CC9049BA50>,23
< cv2.DMatch 000002CC9049BA70>,< cv2.DMatch 000002CC9049BA90>,23
< cv2.DMatch 000002CC9049BAB0>,< cv2.DMatch 000002CC9049BAD0>,59
< cv2.DMatch 000002CC9049BAF0>,< cv2.DMatch 000002CC9049BB10>,8
< cv2.DMatch 000002CC9049BB30>,< cv2.DMatch 000002CC9049BB50>,896
< cv2.DMatch 000002CC9049BB70>,< cv2.DMatch 000002CC9049BB90>,41
< cv2.DMatch 000002CC9049BBB0>,< cv2.DMatch 000002CC9049BBD0>,884
< cv2.DMatch 000002CC9049BBF0>,< cv2.DMatch 000002CC9049BC10>,862
< cv2.DMatch 000002CC9049BC30>,< cv2.DMatch 000002CC9049BC50>,280
< cv2.DMatch 000002CC9049BC70>,< cv2.DMatch 000002CC9049BC90>,431
< cv2.DMatch 000002CC9049BCB0>,< cv2.DMatch 000002CC9049BCD0>,686
< cv2.DMatch 000002CC9049BCF0>,< cv2.DMatch 000002CC9049BD10>,728
< cv2.DMatch 000002CC9049BD30>,< cv2.DMatch 000002CC9049BD50>,8
< cv2.DMatch 000002CC9049BD70>,< cv2.DMatch 000002CC9049BD90>,4
< cv2.DMatch 000002CC9049BDB0>,< cv2.DMatch 000002CC9049BDD0>,1001
< cv2.DMatch 000002CC9049BDF0>,< cv2.DMatch 000002CC9049BE10>,21
< cv2.DMatch 000002CC9049BE30>,< cv2.DMatch 000002CC9049BE50>,6
< cv2.DMatch 000002CC9049BE70>,< cv2.DMatch 000002CC9049BE90>,622
< cv2.DMatch 000002CC9049BEB0>,< cv2.DMatch 000002CC9049BED0>,6
< cv2.DMatch 000002CC9049BEF0>,< cv2.DMatch 000002CC9049BF10>,48
< cv2.DMatch 000002CC9049BF30>,< cv2.DMatch 000002CC9049BF50>,601
< cv2.DMatch 000002CC9049BF70>,< cv2.DMatch 000002CC9049BF90>,1373
< cv2.DMatch 000002CC9049BFB0>,< cv2.DMatch 000002CC9049BFD0>,111
< cv2.DMatch 000002CC904A0550>,< cv2.DMatch 000002CC904A0AF0>,61
< cv2.DMatch 000002CC904A0BF0>,< cv2.DMatch 000002CC904A0D10>,1
< cv2.DMatch 000002CC904A1030>,< cv2.DMatch 000002CC904A00D0>,599
< cv2.DMatch 000002CC904A0650>,< cv2.DMatch 000002CC904A1330>,506
< cv2.DMatch 000002CC904A13F0>,< cv2.DMatch 000002CC904A1450>,931
< cv2.DMatch 000002CC904A01D0>,< cv2.DMatch 000002CC904A0970>,935
< cv2.DMatch 000002CC904A15B0>,< cv2.DMatch 000002CC904A0ED0>,942
< cv2.DMatch 000002CC904A0210>,< cv2.DMatch 000002CC904A0250>,20
< cv2.DMatch 000002CC904A02F0>,< cv2.DMatch 000002CC904A0350>,61
< cv2.DMatch 000002CC904A0390>,< cv2.DMatch 000002CC904A03D0>,1360
< cv2.DMatch 000002CC904A0570>,< cv2.DMatch 000002CC904A05B0>,47
< cv2.DMatch 000002CC904A05F0>,< cv2.DMatch 000002CC904A0710>,608
< cv2.DMatch 000002CC904A0750>,< cv2.DMatch 000002CC904A0790>,1107
< cv2.DMatch 000002CC904A0890>,< cv2.DMatch 000002CC904A0990>,252
< cv2.DMatch 000002CC904A09D0>,< cv2.DMatch 000002CC904A0A50>,18
< cv2.DMatch 000002CC904A0A90>,< cv2.DMatch 000002CC904A0B30>,245
< cv2.DMatch 000002CC904A0CD0>,< cv2.DMatch 000002CC904A0E10>,54
< cv2.DMatch 000002CC904A0E90>,< cv2.DMatch 000002CC904A0EF0>,33
< cv2.DMatch 000002CC904A0F30>,< cv2.DMatch 000002CC904A0F70>,190
< cv2.DMatch 000002CC904A0FB0>,< cv2.DMatch 000002CC904A0FF0>,33
< cv2.DMatch 000002CC904A1070>,< cv2.DMatch 000002CC904A10D0>,33
< cv2.DMatch 000002CC904A1110>,< cv2.DMatch 000002CC904A1190>,1263
< cv2.DMatch 000002CC904A1410>,< cv2.DMatch 000002CC904A14D0>,1104
< cv2.DMatch 000002CC904A1550>,< cv2.DMatch 000002CC904A0110>,23
< cv2.DMatch 000002CC904A1090>,< cv2.DMatch 000002CC904A0050>,23
< cv2.DMatch 000002CC904A0090>,< cv2.DMatch 000002CC904A02D0>,547
< cv2.DMatch 000002CC904A0310>,< cv2.DMatch 000002CC904A06D0>,24
< cv2.DMatch 000002CC904A0AD0>,< cv2.DMatch 000002CC904A0C50>,28
< cv2.DMatch 000002CC904A0030>,< cv2.DMatch 000002CC904A0070>,21
< cv2.DMatch 000002CC904A00B0>,< cv2.DMatch 000002CC904A00F0>,54
< cv2.DMatch 000002CC904A0130>,< cv2.DMatch 000002CC904A0150>,33
< cv2.DMatch 000002CC904A0170>,< cv2.DMatch 000002CC904A0190>,33
< cv2.DMatch 000002CC904A01B0>,< cv2.DMatch 000002CC904A01F0>,21
< cv2.DMatch 000002CC904A0230>,< cv2.DMatch 000002CC904A0270>,77
< cv2.DMatch 000002CC904A0290>,< cv2.DMatch 000002CC904A02B0>,214
< cv2.DMatch 000002CC904A0330>,< cv2.DMatch 000002CC904A0370>,8
< cv2.DMatch 000002CC904A03B0>,< cv2.DMatch 000002CC904A03F0>,1373
< cv2.DMatch 000002CC904A0410>,< cv2.DMatch 000002CC904A0430>,46
< cv2.DMatch 000002CC904A0450>,< cv2.DMatch 000002CC904A0470>,10
< cv2.DMatch 000002CC904A0490>,< cv2.DMatch 000002CC904A04B0>,96
< cv2.DMatch 000002CC904A04D0>,< cv2.DMatch 000002CC904A04F0>,750
< cv2.DMatch 000002CC904A0510>,< cv2.DMatch 000002CC904A0530>,691
< cv2.DMatch 000002CC904A0590>,< cv2.DMatch 000002CC904A05D0>,1175
< cv2.DMatch 000002CC904A0610>,< cv2.DMatch 000002CC904A0630>,1164
< cv2.DMatch 000002CC904A0670>,< cv2.DMatch 000002CC904A0690>,1374
< cv2.DMatch 000002CC904A06B0>,< cv2.DMatch 000002CC904A06F0>,4
< cv2.DMatch 000002CC904A0730>,< cv2.DMatch 000002CC904A0770>,1160
< cv2.DMatch 000002CC904A07B0>,< cv2.DMatch 000002CC904A07D0>,21
< cv2.DMatch 000002CC904A07F0>,< cv2.DMatch 000002CC904A0810>,296
< cv2.DMatch 000002CC904A0830>,< cv2.DMatch 000002CC904A0850>,1125
< cv2.DMatch 000002CC904A0870>,< cv2.DMatch 000002CC904A08B0>,22
< cv2.DMatch 000002CC904A08D0>,< cv2.DMatch 000002CC904A08F0>,13
< cv2.DMatch 000002CC904A0910>,< cv2.DMatch 000002CC904A0930>,102
< cv2.DMatch 000002CC904A0950>,< cv2.DMatch 000002CC904A09B0>,63
< cv2.DMatch 000002CC904A09F0>,< cv2.DMatch 000002CC904A0A10>,602
< cv2.DMatch 000002CC904A0A30>,< cv2.DMatch 000002CC904A0A70>,100
< cv2.DMatch 000002CC904A0AB0>,< cv2.DMatch 000002CC904A0B10>,14
< cv2.DMatch 000002CC904A0B50>,< cv2.DMatch 000002CC904A0B70>,23
< cv2.DMatch 000002CC904A0B90>,< cv2.DMatch 000002CC904A0BB0>,73
< cv2.DMatch 000002CC904A0BD0>,< cv2.DMatch 000002CC904A0C10>,21
< cv2.DMatch 000002CC904A0C30>,< cv2.DMatch 000002CC904A0C70>,103
< cv2.DMatch 000002CC904A0C90>,< cv2.DMatch 000002CC904A0CB0>,643
< cv2.DMatch 000002CC904A0CF0>,< cv2.DMatch 000002CC904A0D30>,496
< cv2.DMatch 000002CC904A0D50>,< cv2.DMatch 000002CC904A0D70>,85
< cv2.DMatch 000002CC904A0D90>,< cv2.DMatch 000002CC904A0DB0>,56
< cv2.DMatch 000002CC904A0DD0>,< cv2.DMatch 000002CC904A0DF0>,1442
< cv2.DMatch 000002CC904A0E30>,< cv2.DMatch 000002CC904A0E50>,1162
< cv2.DMatch 000002CC904A0E70>,< cv2.DMatch 000002CC904A0EB0>,1196
< cv2.DMatch 000002CC904A0F10>,< cv2.DMatch 000002CC904A0F50>,910
< cv2.DMatch 000002CC904A0F90>,< cv2.DMatch 000002CC904A0FD0>,13
< cv2.DMatch 000002CC904A1010>,< cv2.DMatch 000002CC904A1050>,772
< cv2.DMatch 000002CC904A10B0>,< cv2.DMatch 000002CC904A10F0>,56
< cv2.DMatch 000002CC904A1130>,< cv2.DMatch 000002CC904A1150>,753
< cv2.DMatch 000002CC904A1170>,< cv2.DMatch 000002CC904A11B0>,726
< cv2.DMatch 000002CC904A11D0>,< cv2.DMatch 000002CC904A11F0>,262
< cv2.DMatch 000002CC904A1210>,< cv2.DMatch 000002CC904A1230>,969
< cv2.DMatch 000002CC904A1250>,< cv2.DMatch 000002CC904A1270>,314
< cv2.DMatch 000002CC904A1290>,< cv2.DMatch 000002CC904A12B0>,157
< cv2.DMatch 000002CC904A12D0>,< cv2.DMatch 000002CC904A12F0>,53
< cv2.DMatch 000002CC904A1310>,< cv2.DMatch 000002CC904A1350>,17
< cv2.DMatch 000002CC904A1370>,< cv2.DMatch 000002CC904A1390>,48
< cv2.DMatch 000002CC904A13B0>,< cv2.DMatch 000002CC904A13D0>,59
< cv2.DMatch 000002CC904A1430>,< cv2.DMatch 000002CC904A1470>,13
< cv2.DMatch 000002CC904A1490>,< cv2.DMatch 000002CC904A14B0>,683
< cv2.DMatch 000002CC904A14F0>,< cv2.DMatch 000002CC904A1510>,54
< cv2.DMatch 000002CC904A1530>,< cv2.DMatch 000002CC904A1570>,481
< cv2.DMatch 000002CC904A1590>,< cv2.DMatch 000002CC904A15D0>,53
< cv2.DMatch 000002CC904A15F0>,< cv2.DMatch 000002CC904A1610>,1111
< cv2.DMatch 000002CC904A1630>,< cv2.DMatch 000002CC904A1650>,84
< cv2.DMatch 000002CC904A1670>,< cv2.DMatch 000002CC904A1690>,1
< cv2.DMatch 000002CC904A16B0>,< cv2.DMatch 000002CC904A16D0>,856
< cv2.DMatch 000002CC904A16F0>,< cv2.DMatch 000002CC904A1710>,449
< cv2.DMatch 000002CC904A1730>,< cv2.DMatch 000002CC904A1750>,66
< cv2.DMatch 000002CC904A1770>,< cv2.DMatch 000002CC904A1790>,47
< cv2.DMatch 000002CC904A17B0>,< cv2.DMatch 000002CC904A17D0>,111
< cv2.DMatch 000002CC904A17F0>,< cv2.DMatch 000002CC904A1810>,1102
< cv2.DMatch 000002CC904A1830>,< cv2.DMatch 000002CC904A1850>,29
< cv2.DMatch 000002CC904A1870>,< cv2.DMatch 000002CC904A1890>,42
< cv2.DMatch 000002CC904A18B0>,< cv2.DMatch 000002CC904A18D0>,32
< cv2.DMatch 000002CC904A18F0>,< cv2.DMatch 000002CC904A1910>,48
< cv2.DMatch 000002CC904A1930>,< cv2.DMatch 000002CC904A1950>,1284
< cv2.DMatch 000002CC904A1970>,< cv2.DMatch 000002CC904A1990>,337
< cv2.DMatch 000002CC904A19B0>,< cv2.DMatch 000002CC904A19D0>,1122
< cv2.DMatch 000002CC904A19F0>,< cv2.DMatch 000002CC904A1A10>,1128
< cv2.DMatch 000002CC904A1A30>,< cv2.DMatch 000002CC904A1A50>,418
< cv2.DMatch 000002CC904A1A70>,< cv2.DMatch 000002CC904A1A90>,30
< cv2.DMatch 000002CC904A1AB0>,< cv2.DMatch 000002CC904A1AD0>,17
< cv2.DMatch 000002CC904A1AF0>,< cv2.DMatch 000002CC904A1B10>,586
< cv2.DMatch 000002CC904A1B30>,< cv2.DMatch 000002CC904A1B50>,69
< cv2.DMatch 000002CC904A1B70>,< cv2.DMatch 000002CC904A1B90>,37
< cv2.DMatch 000002CC904A1BB0>,< cv2.DMatch 000002CC904A1BD0>,37
< cv2.DMatch 000002CC904A1BF0>,< cv2.DMatch 000002CC904A1C10>,20
< cv2.DMatch 000002CC904A1C30>,< cv2.DMatch 000002CC904A1C50>,1242
< cv2.DMatch 000002CC904A1C70>,< cv2.DMatch 000002CC904A1C90>,48
< cv2.DMatch 000002CC904A1CB0>,< cv2.DMatch 000002CC904A1CD0>,434
< cv2.DMatch 000002CC904A1CF0>,< cv2.DMatch 000002CC904A1D10>,22
< cv2.DMatch 000002CC904A1D30>,< cv2.DMatch 000002CC904A1D50>,21
< cv2.DMatch 000002CC904A1D70>,< cv2.DMatch 000002CC904A1D90>,238
< cv2.DMatch 000002CC904A1DB0>,< cv2.DMatch 000002CC904A1DD0>,1384
< cv2.DMatch 000002CC904A1DF0>,< cv2.DMatch 000002CC904A1E10>,78
< cv2.DMatch 000002CC904A1E30>,< cv2.DMatch 000002CC904A1E50>,32
< cv2.DMatch 000002CC904A1E70>,< cv2.DMatch 000002CC904A1E90>,63
< cv2.DMatch 000002CC904A1EB0>,< cv2.DMatch 000002CC904A1ED0>,75
< cv2.DMatch 000002CC904A1EF0>,< cv2.DMatch 000002CC904A1F10>,244
< cv2.DMatch 000002CC904A1F30>,< cv2.DMatch 000002CC904A1F50>,30
< cv2.DMatch 000002CC904A1F70>,< cv2.DMatch 000002CC904A1F90>,17
< cv2.DMatch 000002CC904A1FB0>,< cv2.DMatch 000002CC904A1FD0>,81
< cv2.DMatch 000002CC904A1FF0>,< cv2.DMatch 000002CC904A2010>,69
< cv2.DMatch 000002CC904A2030>,< cv2.DMatch 000002CC904A2050>,73
< cv2.DMatch 000002CC904A2070>,< cv2.DMatch 000002CC904A2090>,856
< cv2.DMatch 000002CC904A20B0>,< cv2.DMatch 000002CC904A20D0>,37
< cv2.DMatch 000002CC904A20F0>,< cv2.DMatch 000002CC904A2110>,37
< cv2.DMatch 000002CC904A2130>,< cv2.DMatch 000002CC904A2150>,860
< cv2.DMatch 000002CC904A2170>,< cv2.DMatch 000002CC904A2190>,656
< cv2.DMatch 000002CC904A21B0>,< cv2.DMatch 000002CC904A21D0>,86
< cv2.DMatch 000002CC904A21F0>,< cv2.DMatch 000002CC904A2210>,930
< cv2.DMatch 000002CC904A2230>,< cv2.DMatch 000002CC904A2250>,78
< cv2.DMatch 000002CC904A2270>,< cv2.DMatch 000002CC904A2290>,37
< cv2.DMatch 000002CC904A22B0>,< cv2.DMatch 000002CC904A22D0>,37
< cv2.DMatch 000002CC904A22F0>,< cv2.DMatch 000002CC904A2310>,48
< cv2.DMatch 000002CC904A2330>,< cv2.DMatch 000002CC904A2350>,17
< cv2.DMatch 000002CC904A2370>,< cv2.DMatch 000002CC904A2390>,726
